partner_id,partner_name,phone,city,vehicle_type,rating,total_deliveries,join_date
1,Rohit Mishra,+917113158986,Pune,Bike,3.1,484,2025-04-09
2,Nisha Gupta,+919047954518,Jaipur,Bicycle,3.1,1546,2023-10-23
3,Sai Nair,+917330992932,Mumbai,Scooter,3.8,797,2024-09-24
4,Megha Kumar,+919265380644,Pune,Bike,3.8,1431,2024-08-28
5,Divya Tiwari,+917056734039,Delhi,Bike,4.8,181,2025-02-08
6,Akash Patel,+919161637381,Mumbai,Bike,3.8,1910,2024-12-19
7,Ritika Saxena,+918108335016,Lucknow,Scooter,4.4,1785,2023-11-08
8,Kiara Gupta,+919239829921,Bangalore,Bicycle,4.5,1690,2025-02-23
9,Vihaan Nair,+918684876851,Delhi,Scooter,4.1,366,2025-05-10
10,Simran Chopra,+918345139329,Chennai,Bike,3.8,273,2024-06-15
11,Divya Menon,+917836361522,Delhi,Bike,3.7,1424,2023-06-29
12,Aadhya Rao,+917699050622,Hyderabad,Bike,4.2,1316,2023-12-10
13,Kavita Reddy,+919741859687,Lucknow,Bike,3.2,2385,2024-12-30
14,Aditya Banerjee,+919077935216,Mumbai,Bike,4.9,84,2024-05-31
15,Akash Rao,+918709982756,Hyderabad,Bike,3.8,1507,2023-10-11
16,Pankaj Agarwal,+917418243223,Delhi,Bicycle,4.0,2106,2023-11-01
17,Vivaan Banerjee,+918641157401,Bangalore,Bicycle,3.1,710,2023-11-03
18,Shruti Bhat,+917338240928,Jaipur,Bike,4.4,933,2025-04-28
19,Divya Kumar,+917691691710,Ahmedabad,Scooter,5.0,2543,2025-03-29
20,Swati Yadav,+918466367500,Bangalore,Bike,3.6,2603,2024-08-15
21,Aditya Chauhan,+919932919247,Bangalore,Bike,4.2,357,2023-11-04
22,Suresh Mukherjee,+919136844280,Mumbai,Bike,4.5,1317,2024-12-12
23,Sai Chopra,+917404216517,Bangalore,Bike,3.6,329,2024-03-13
24,Suresh Shah,+918517706056,Mumbai,Bike,4.5,1106,2024-09-27
25,Ira Pandey,+918898570486,Chennai,Bike,3.2,2379,2024-10-12
26,Aditya Shah,+918231045296,Bangalore,Bicycle,4.8,578,2024-08-25
27,Pooja Malhotra,+919682773608,Ahmedabad,Bike,4.4,2122,2024-09-03
28,Ira Chauhan,+919931553951,Mumbai,Bicycle,3.1,1052,2025-05-17
29,Kavita Sharma,+917663839732,Jaipur,Bike,3.3,1685,2023-08-14
30,Aanya Iyer,+918985471356,Chennai,Bike,3.9,2241,2024-09-19
31,Reyansh Gupta,+917774268185,Pune,Bicycle,4.8,1824,2023-12-22
32,Sneha Mehta,+917276903132,Delhi,Bicycle,4.0,2926,2025-06-29
33,Deepak Singh,+918195611791,Bangalore,Scooter,4.9,646,2025-03-17
34,Sara Mehta,+919440428643,Mumbai,Scooter,3.8,1530,2024-08-14
35,Deepak Reddy,+917232261179,Delhi,Bike,4.5,1782,2024-03-03
36,Ira Mukherjee,+917756367883,Mumbai,Bike,3.8,1271,2025-05-30
37,Karan Srivastava,+918802691665,Hyderabad,Scooter,3.5,270,2023-09-03
38,Meera Mehta,+918275197185,Mumbai,Bike,3.8,1997,2024-11-30
39,Pankaj Dubey,+917690154672,Ahmedabad,Bike,4.8,2386,2024-07-03
40,Aarav Kapoor,+919564647996,Delhi,Scooter,4.2,642,2024-04-27
41,Nikhil Saxena,+918359422830,Mumbai,Bicycle,4.9,2095,2024-04-20
42,Ayaan Dubey,+919894573076,Bangalore,Scooter,3.0,1895,2023-10-07
43,Gaurav Bhat,+919744125013,Ahmedabad,Bike,3.4,818,2024-08-04
44,Pankaj Kapoor,+917713398481,Chennai,Bike,3.4,832,2025-04-26
45,Suresh Sharma,+918590239196,Kolkata,Bike,4.8,2106,2023-10-06
46,Pankaj Chopra,+919787054431,Ahmedabad,Bike,3.7,2271,2024-08-10
47,Swati Pandey,+918442364344,Mumbai,Bike,3.9,774,2024-12-18
48,Harish Patel,+919331148814,Bangalore,Bike,4.3,2836,2024-08-21
49,Gaurav Rao,+919664496735,Lucknow,Bicycle,3.2,408,2023-09-15
50,Sai Mukherjee,+917070551235,Chennai,Bike,4.0,2605,2024-12-09
51,Reyansh Mukherjee,+918907409402,Hyderabad,Scooter,4.3,1772,2024-01-03
52,Aanya Pandey,+918952620469,Hyderabad,Bike,4.7,559,2024-05-25
53,Simran Menon,+919769650106,Pune,Scooter,3.0,1584,2024-01-16
54,Manish Rao,+918149372498,Jaipur,Bike,4.7,1748,2025-04-20
55,Aadhya Sharma,+918780507306,Mumbai,Bike,4.6,2175,2025-06-29
56,Harish Mehta,+918439200321,Mumbai,Scooter,3.9,2326,2024-07-05
57,Myra Das,+919767824511,Bangalore,Bike,4.9,1807,2023-10-10
58,Gaurav Iyer,+917746109986,Bangalore,Bike,3.3,996,2023-09-10
59,Ritika Dubey,+917542584435,Hyderabad,Scooter,4.6,2619,2024-02-22
60,Kavita Patel,+918384717361,Delhi,Bike,3.9,2625,2025-01-28
61,Ishaan Sharma,+919654717749,Pune,Bicycle,3.2,1616,2023-06-26
62,Megha Mishra,+917560699443,Ahmedabad,Scooter,4.6,814,2024-02-01
63,Divya Chauhan,+917952431430,Delhi,Scooter,3.5,1598,2024-02-22
64,Nikhil Verma,+918180964952,Mumbai,Bike,3.0,2423,2023-09-14
65,Ayaan Bhat,+919559347163,Mumbai,Bike,3.5,789,2023-09-04
66,Arjun Chopra,+918552189659,Lucknow,Bike,3.2,139,2024-07-28
67,Arjun Chopra,+919687286994,Mumbai,Scooter,3.8,1334,2025-03-10
68,Karan Dubey,+917691934899,Mumbai,Bike,3.4,2373,2025-03-08
69,Harish Srivastava,+917135078768,Mumbai,Bike,3.7,2564,2025-02-04
70,Rajesh Sharma,+917680272418,Hyderabad,Bike,3.2,2532,2023-07-01
71,Rajesh Sharma,+919224771260,Hyderabad,Bike,4.7,520,2024-01-09
72,Vivaan Mehta,+917595132228,Delhi,Scooter,4.9,1146,2024-03-07
73,Deepak Reddy,+917395007463,Bangalore,Scooter,3.6,2080,2024-08-20
74,Manish Iyer,+917829161660,Delhi,Bike,4.7,2988,2024-03-14
75,Sneha Singh,+919506750155,Kolkata,Scooter,3.3,893,2025-06-09
76,Ankita Menon,+918916232890,Bangalore,Scooter,4.6,2601,2023-09-19
77,Harish Iyer,+918843885186,Delhi,Bike,4.8,313,2024-09-03
78,Ananya Chauhan,+917144998113,Ahmedabad,Bike,3.8,2523,2025-03-22
79,Swati Shah,+918710714118,Mumbai,Bike,3.6,811,2024-06-01
80,Aadhya Gupta,+917924208945,Chennai,Bike,4.6,550,2023-06-10
81,Rahul Tiwari,+917046819541,Pune,Bike,4.1,1367,2024-01-25
82,Kavita Gupta,+918656100244,Delhi,Bike,3.4,2347,2024-03-11
83,Ritika Das,+919883404698,Mumbai,Bicycle,3.8,1832,2024-04-21
84,Rahul Reddy,+917846637941,Mumbai,Bike,3.1,1174,2024-08-05
85,Ayaan Singh,+918944697243,Mumbai,Bike,3.8,2410,2023-06-22
86,Riya Sharma,+919764527024,Kolkata,Scooter,3.0,1941,2024-03-18
87,Krishna Saxena,+918730059192,Mumbai,Scooter,4.1,1431,2025-03-22
88,Vivaan Gupta,+919018176579,Mumbai,Scooter,4.4,1175,2024-04-20
89,Akash Shah,+918719465864,Mumbai,Scooter,4.0,242,2024-07-07
90,Priya Tiwari,+918952413710,Hyderabad,Scooter,4.8,1581,2025-02-22
91,Reyansh Sharma,+917962134345,Mumbai,Bike,3.2,1372,2025-05-05
92,Varun Menon,+917972128295,Mumbai,Bike,4.8,1560,2024-12-02
93,Aarav Yadav,+919955973653,Jaipur,Bike,4.6,503,2023-07-20
94,Priya Gupta,+918132699410,Delhi,Scooter,4.6,1155,2025-05-16
95,Ananya Yadav,+917591688985,Hyderabad,Bike,3.6,656,2025-01-19
96,Vikram Mukherjee,+918918904367,Chennai,Scooter,3.5,2007,2025-04-08
97,Ankita Joshi,+918382598777,Kolkata,Bike,3.2,1263,2025-05-29
98,Sai Shah,+919398804641,Jaipur,Bike,4.3,893,2025-05-12
99,Arjun Gupta,+919124315530,Mumbai,Bike,3.4,1627,2023-12-10
100,Ankita Singh,+918462222211,Delhi,Scooter,4.1,1333,2024-04-15
101,Ritika Bhat,+919814446299,Mumbai,Scooter,4.8,946,2024-06-07
102,Rohit Bhat,+919664932946,Hyderabad,Scooter,3.4,1188,2024-08-07
103,Ananya Agarwal,+918319185369,Ahmedabad,Scooter,3.2,1938,2023-09-18
104,Megha Singh,+918033207905,Mumbai,Bike,3.5,2000,2025-04-08
105,Swati Bhat,+918511643051,Delhi,Bicycle,3.2,1817,2024-01-04
106,Ishaan Iyer,+919156891321,Bangalore,Bike,3.9,1564,2023-09-09
107,Vihaan Mukherjee,+918642921735,Pune,Bike,3.6,1699,2023-11-28
108,Harish Joshi,+919274454718,Chennai,Scooter,3.2,254,2025-03-23
109,Aadhya Singh,+917943087932,Mumbai,Bicycle,4.2,1027,2023-08-07
110,Rajesh Singh,+918183089470,Delhi,Scooter,4.4,1655,2024-07-07
111,Reyansh Nair,+919970759240,Delhi,Bike,4.6,1473,2025-03-14
112,Riya Tiwari,+919561146530,Delhi,Bike,3.4,2919,2025-02-27
113,Deepak Mishra,+918311357402,Jaipur,Scooter,3.3,2841,2023-08-11
114,Ananya Patel,+918426596199,Lucknow,Bike,3.0,1993,2024-08-12
115,Amit Sharma,+917762421312,Ahmedabad,Bicycle,3.3,89,2025-01-29
116,Neha Chopra,+919504648241,Mumbai,Bicycle,3.9,235,2023-06-18
117,Suresh Agarwal,+918248369039,Jaipur,Scooter,3.3,650,2023-09-05
118,Reyansh Rao,+918441723238,Bangalore,Scooter,5.0,1104,2025-04-10
119,Ankita Joshi,+918564610773,Bangalore,Scooter,3.6,1416,2024-11-12
120,Tanya Agarwal,+919558699034,Bangalore,Bike,4.0,2670,2023-06-22
121,Ishaan Menon,+917945990607,Chennai,Bike,4.0,1050,2025-01-12
122,Megha Tiwari,+918849930521,Bangalore,Scooter,3.4,1597,2025-03-16
123,Reyansh Joshi,+919692479387,Chennai,Bicycle,3.9,2208,2023-11-27
124,Ira Yadav,+919916567823,Bangalore,Bike,4.2,1181,2024-04-12
125,Myra Verma,+919489005841,Hyderabad,Bike,4.2,1825,2024-09-08
126,Suresh Dubey,+918490344265,Delhi,Bicycle,4.0,2857,2023-10-29
127,Simran Agarwal,+917645223267,Hyderabad,Bike,4.1,716,2024-04-06
128,Ankita Rao,+917277525726,Kolkata,Bike,3.1,1209,2025-01-28
129,Ayaan Verma,+919097517915,Delhi,Bike,4.3,52,2023-07-22
130,Ira Kumar,+918504175844,Jaipur,Scooter,4.0,2346,2023-11-06
131,Sai Tiwari,+918162514050,Mumbai,Scooter,3.9,380,2024-03-24
132,Aanya Verma,+919032283015,Lucknow,Bike,4.4,1632,2024-08-06
133,Sneha Chauhan,+917421502469,Lucknow,Bicycle,4.2,759,2024-12-29
134,Meera Agarwal,+918385040616,Kolkata,Bike,4.5,1074,2023-10-17
135,Vikram Kapoor,+917856945516,Delhi,Bike,4.1,2623,2024-09-15
136,Rajesh Patel,+918614761436,Kolkata,Scooter,3.2,2206,2024-08-26
137,Pankaj Mehta,+919163869667,Lucknow,Scooter,3.9,1801,2024-09-20
138,Vikram Menon,+918981199619,Mumbai,Scooter,4.9,1774,2023-08-30
139,Akash Kumar,+919642300599,Lucknow,Scooter,4.2,1578,2023-10-09
140,Pallavi Kapoor,+919429124402,Jaipur,Bike,4.7,565,2024-07-17
141,Nikhil Sharma,+918987744439,Kolkata,Bicycle,3.9,272,2023-08-26
142,Vihaan Joshi,+919791213115,Mumbai,Scooter,4.6,2366,2024-10-06
143,Pankaj Mehta,+917261412194,Mumbai,Scooter,4.0,2986,2023-07-25
144,Pankaj Reddy,+919217337132,Mumbai,Scooter,4.0,965,2025-04-22
145,Gaurav Srivastava,+917664755696,Delhi,Bike,5.0,76,2024-10-09
146,Pallavi Tiwari,+917861999412,Mumbai,Bike,4.2,545,2024-11-14
147,Reyansh Nair,+917877434572,Mumbai,Bike,4.0,1650,2023-07-27
148,Ayaan Rao,+918737560541,Bangalore,Bike,3.5,2289,2024-02-22
149,Pallavi Agarwal,+918886048322,Jaipur,Scooter,3.9,2655,2023-06-23
150,Diya Kumar,+919823792255,Delhi,Scooter,4.4,870,2024-09-30
151,Deepak Rao,+918243174124,Chennai,Bicycle,4.0,2784,2024-03-08
152,Sneha Iyer,+919996395544,Kolkata,Bike,4.6,656,2023-06-29
153,Riya Bhat,+917515939381,Hyderabad,Bike,3.6,2692,2025-03-28
154,Nikhil Das,+918909024435,Mumbai,Bicycle,4.9,1966,2025-06-10
155,Simran Joshi,+917039170363,Ahmedabad,Bike,4.7,2111,2024-01-02
156,Neha Chauhan,+919255096841,Bangalore,Bike,4.3,1491,2025-04-02
157,Varun Banerjee,+918457244076,Bangalore,Bicycle,3.3,2746,2024-04-06
158,Sneha Gupta,+919770829463,Bangalore,Bicycle,4.2,788,2025-01-10
159,Ritika Yadav,+919177463456,Kolkata,Scooter,3.3,1377,2025-01-23
160,Nisha Shah,+919510379269,Chennai,Bike,3.1,701,2024-01-24
161,Reyansh Agarwal,+917456213281,Hyderabad,Scooter,3.6,998,2025-06-20
162,Aadhya Singh,+917747315537,Pune,Bike,4.9,313,2023-08-03
163,Pallavi Joshi,+917491661170,Mumbai,Scooter,3.9,1583,2025-02-11
164,Gaurav Saxena,+917126527390,Lucknow,Bike,4.4,1596,2023-10-15
165,Gaurav Banerjee,+919390012828,Delhi,Bike,3.9,1221,2024-01-17
166,Myra Mishra,+917696169460,Bangalore,Scooter,4.6,402,2025-01-17
167,Vivaan Mukherjee,+919871865327,Mumbai,Bike,3.3,71,2024-06-03
168,Tanya Menon,+919440808550,Hyderabad,Bike,3.4,2680,2024-11-22
169,Ankita Reddy,+917891097399,Hyderabad,Bike,3.7,2583,2024-12-24
170,Krishna Dubey,+917288427147,Bangalore,Scooter,4.7,2381,2023-08-20
171,Krishna Dubey,+919221558385,Delhi,Bike,3.5,2513,2024-12-05
172,Amit Sharma,+917962163813,Kolkata,Bike,4.7,1649,2025-05-21
173,Neha Gupta,+917678016494,Ahmedabad,Bike,4.2,2170,2025-02-15
174,Manish Rao,+918714635390,Chennai,Scooter,4.8,2437,2024-09-25
175,Ira Mukherjee,+917128754686,Mumbai,Bike,3.4,293,2023-10-21
176,Sara Kapoor,+918415660595,Lucknow,Scooter,4.8,1015,2024-10-18
177,Arjun Dubey,+919421743905,Lucknow,Scooter,4.5,194,2024-05-20
178,Arjun Menon,+919569024491,Pune,Bicycle,4.8,2011,2023-10-11
179,Kiara Mishra,+917179276130,Mumbai,Bike,3.5,1484,2024-08-15
180,Deepak Rao,+917978200864,Mumbai,Bike,4.5,853,2024-11-29
181,Harish Srivastava,+918629460719,Pune,Scooter,4.1,263,2024-07-01
182,Tanya Iyer,+919986894360,Mumbai,Scooter,4.1,523,2024-08-22
183,Ayaan Chauhan,+919644210361,Ahmedabad,Bike,3.4,1838,2023-07-30
184,Aadhya Nair,+917395097504,Hyderabad,Bike,4.5,2246,2025-01-02
185,Aditya Dubey,+917063988819,Jaipur,Bike,3.1,282,2023-10-08
186,Karan Patel,+918213740507,Mumbai,Bike,4.3,1050,2024-03-26
187,Krishna Das,+918708618083,Bangalore,Bike,3.2,1074,2024-12-08
188,Sara Chopra,+918533124286,Lucknow,Bicycle,3.9,1289,2024-06-10
189,Tanya Kapoor,+918257065672,Jaipur,Bike,4.8,1356,2025-05-15
190,Rajesh Malhotra,+917448300851,Mumbai,Bicycle,4.4,2597,2024-10-10
191,Kiara Gupta,+917874261776,Lucknow,Scooter,4.0,1299,2025-06-29
192,Kavita Reddy,+917527198854,Bangalore,Scooter,3.3,1012,2025-05-16
193,Karan Mukherjee,+918948897153,Ahmedabad,Bike,4.7,1157,2024-03-11
194,Nisha Iyer,+918290263359,Kolkata,Bike,3.6,2547,2024-06-28
195,Ankita Sharma,+918643203736,Bangalore,Bike,3.4,805,2025-04-06
196,Meera Kapoor,+917224453476,Chennai,Bike,4.5,156,2025-02-13
197,Akash Chauhan,+918444046587,Lucknow,Bicycle,4.6,2470,2024-01-08
198,Akash Sharma,+918464344970,Pune,Scooter,4.7,283,2023-09-20
199,Kavita Iyer,+919911856946,Delhi,Bicycle,4.1,1786,2025-01-07
200,Varun Banerjee,+919228713769,Delhi,Bicycle,3.9,1025,2023-10-14
201,Aarav Joshi,+919931739224,Ahmedabad,Bike,3.5,2273,2024-03-29
202,Amit Banerjee,+918694799285,Mumbai,Bike,3.5,1076,2025-03-30
203,Tanya Das,+917052996109,Mumbai,Scooter,3.6,1133,2023-12-01
204,Karan Bhat,+917074159865,Bangalore,Bike,4.9,2016,2025-03-15
205,Kavita Reddy,+918754970413,Mumbai,Bicycle,3.6,2549,2024-12-16
206,Rahul Gupta,+918891673334,Mumbai,Scooter,3.6,2077,2023-10-09
207,Aanya Mukherjee,+917749451693,Mumbai,Scooter,3.1,518,2025-04-01
208,Aditya Patel,+919939653369,Hyderabad,Bike,3.6,2316,2025-06-04
209,Aanya Verma,+918112631668,Ahmedabad,Bike,4.7,1497,2024-12-05
210,Ritika Verma,+919579466477,Delhi,Bike,4.0,513,2024-11-05
211,Arjun Nair,+917876353362,Delhi,Bike,4.6,1753,2023-08-13
212,Divya Menon,+918215838266,Mumbai,Bike,4.6,1422,2024-07-22
213,Divya Shah,+919021576811,Lucknow,Bike,3.1,1558,2023-07-16
214,Riya Yadav,+917644516752,Lucknow,Bike,4.2,1332,2024-11-05
215,Ritika Pandey,+919182626233,Kolkata,Scooter,4.9,1601,2025-01-17
216,Aditya Agarwal,+917644565869,Bangalore,Bicycle,3.2,366,2024-01-16
217,Suresh Malhotra,+919467197767,Chennai,Scooter,4.1,546,2024-11-22
218,Vihaan Das,+919028638285,Chennai,Scooter,3.6,848,2025-01-10
219,Riya Yadav,+918048096551,Delhi,Scooter,5.0,995,2024-09-09
220,Rahul Mishra,+917495711899,Pune,Bike,4.9,1729,2024-06-05
221,Sai Shah,+919407145027,Hyderabad,Bicycle,4.3,2528,2024-01-22
222,Karan Dubey,+918798948060,Delhi,Scooter,5.0,2252,2024-02-06
223,Tanya Yadav,+918750703556,Chennai,Scooter,4.2,1225,2024-05-15
224,Rahul Singh,+917350065428,Bangalore,Scooter,3.3,2074,2025-03-09
225,Tanya Reddy,+917772732074,Jaipur,Bike,3.2,1128,2024-12-19
226,Ritika Yadav,+919018034482,Pune,Bike,3.1,1817,2023-06-25
227,Pankaj Patel,+917313595787,Mumbai,Bicycle,4.8,1779,2024-05-28
228,Krishna Iyer,+919993285955,Hyderabad,Scooter,3.2,1428,2025-01-26
229,Harish Das,+917462876289,Ahmedabad,Bike,4.5,1503,2024-09-02
230,Vikram Mukherjee,+918931677475,Pune,Bike,4.5,2917,2023-10-16
231,Varun Patel,+919532132885,Lucknow,Bicycle,3.2,81,2025-01-28
232,Nisha Shah,+919894408903,Chennai,Bike,3.9,2133,2025-06-09
233,Nisha Joshi,+917416176337,Delhi,Bike,3.1,2170,2024-11-19
234,Nisha Malhotra,+918832617596,Delhi,Bike,4.5,636,2023-07-13
235,Megha Chauhan,+917904866656,Bangalore,Bike,4.8,1337,2023-09-10
236,Neha Rao,+917711214547,Mumbai,Bike,3.9,743,2024-03-22
237,Ira Das,+917455779556,Lucknow,Scooter,3.3,897,2024-12-17
238,Manish Pandey,+917725215637,Mumbai,Bicycle,4.9,2261,2024-12-02
239,Myra Sharma,+919097515527,Jaipur,Bike,3.4,2389,2024-08-10
240,Varun Bhat,+919237222263,Mumbai,Bike,4.8,2983,2025-05-24
241,Ayaan Bhat,+918856568114,Hyderabad,Bike,3.3,1190,2025-06-19
242,Nikhil Singh,+918519220830,Kolkata,Scooter,3.4,354,2024-04-30
243,Ananya Malhotra,+918440262170,Delhi,Scooter,4.0,353,2025-05-24
244,Pankaj Mehta,+917164741407,Bangalore,Bicycle,4.6,1350,2023-12-12
245,Kavita Agarwal,+919688996563,Mumbai,Scooter,3.0,610,2025-01-21
246,Rohit Srivastava,+917945792829,Chennai,Bike,3.3,816,2025-06-21
247,Ankita Rao,+917566042039,Delhi,Bicycle,4.9,927,2023-06-04
248,Meera Gupta,+919107502453,Hyderabad,Bike,3.4,1762,2025-05-05
249,Ira Das,+918633334081,Chennai,Bike,3.7,2222,2025-04-03
250,Diya Chauhan,+918288922118,Jaipur,Bicycle,4.3,2057,2025-03-07
251,Sneha Das,+918533852538,Hyderabad,Bike,3.4,1226,2024-08-03
252,Karan Mehta,+918062558845,Chennai,Bike,3.9,1356,2025-04-07
253,Ayaan Shah,+919993457270,Bangalore,Bike,4.8,2053,2025-02-05
254,Vikram Agarwal,+918008716202,Mumbai,Bike,3.4,1725,2023-08-02
255,Kavita Pandey,+918388099149,Delhi,Bike,3.8,1860,2024-08-09
256,Sneha Joshi,+917234648513,Delhi,Scooter,3.7,236,2024-04-11
257,Karan Menon,+917950519416,Hyderabad,Bike,3.4,2611,2023-09-21
258,Pallavi Das,+918415982761,Mumbai,Scooter,4.9,136,2024-06-23
259,Sai Pandey,+918431461393,Lucknow,Scooter,4.1,2732,2023-07-21
260,Swati Reddy,+918555198003,Hyderabad,Bicycle,4.7,1670,2025-06-05
261,Aanya Rao,+917693225639,Lucknow,Bike,3.4,1068,2023-06-14
262,Aditya Srivastava,+917086021207,Pune,Scooter,4.0,2036,2023-07-14
263,Ananya Rao,+918294788502,Mumbai,Scooter,4.4,188,2024-03-05
264,Megha Singh,+918622882315,Chennai,Bike,4.5,1155,2023-08-26
265,Arjun Gupta,+919166852486,Pune,Scooter,3.8,110,2025-06-30
266,Rajesh Das,+917652180311,Mumbai,Scooter,3.8,2530,2024-04-15
267,Rahul Menon,+919200550682,Pune,Bike,3.9,458,2024-02-26
268,Divya Banerjee,+919024649090,Bangalore,Bike,3.4,1714,2024-12-26
269,Kiara Chopra,+918221587418,Lucknow,Scooter,3.5,120,2024-10-21
270,Varun Iyer,+918600896084,Kolkata,Scooter,3.9,2416,2023-06-26
271,Sneha Pandey,+917996928695,Bangalore,Bike,3.2,1322,2024-05-06
272,Ishaan Dubey,+919705459281,Ahmedabad,Bike,3.3,2056,2025-01-28
273,Aadhya Gupta,+917607010161,Bangalore,Scooter,4.0,2370,2024-01-25
274,Vihaan Pandey,+919119213056,Delhi,Bike,3.7,666,2023-07-08
275,Rahul Tiwari,+919427998100,Chennai,Bicycle,3.5,906,2024-12-27
276,Ankita Kapoor,+919146691096,Delhi,Scooter,3.6,2953,2024-10-07
277,Manish Kapoor,+917349757670,Lucknow,Bike,3.2,571,2023-06-14
278,Ananya Malhotra,+917521742718,Mumbai,Bike,4.9,209,2024-08-08
279,Ankita Patel,+919689357814,Kolkata,Bike,4.5,2290,2024-08-02
280,Sneha Sharma,+918274535954,Mumbai,Bicycle,4.4,2821,2024-03-04
281,Swati Mehta,+919641836466,Jaipur,Scooter,3.3,1238,2024-11-17
282,Shruti Reddy,+919637109140,Ahmedabad,Bike,4.2,1983,2024-09-16
283,Sara Yadav,+918418100147,Lucknow,Scooter,4.7,604,2023-11-16
284,Swati Tiwari,+919035257974,Mumbai,Bike,3.3,324,2023-06-06
285,Priya Tiwari,+917806055547,Delhi,Bike,3.9,437,2023-08-02
286,Pallavi Bhat,+919553162493,Mumbai,Bike,4.1,975,2024-05-19
287,Gaurav Sharma,+917827385357,Delhi,Scooter,4.7,2443,2025-06-16
288,Priya Shah,+919682211099,Kolkata,Bicycle,4.1,2677,2025-04-06
289,Myra Gupta,+919545365683,Mumbai,Scooter,3.6,1126,2024-12-29
290,Reyansh Kumar,+919243337877,Hyderabad,Scooter,3.7,2475,2025-02-09
291,Kiara Dubey,+919645215335,Chennai,Bike,3.3,999,2024-01-08
292,Sai Yadav,+919641077173,Mumbai,Bike,4.7,1374,2023-08-19
293,Vihaan Kumar,+919197757357,Kolkata,Bike,3.9,1289,2024-10-25
294,Akash Singh,+918034111690,Hyderabad,Bike,3.8,1993,2024-05-29
295,Priya Saxena,+919241911542,Delhi,Bike,4.2,926,2023-11-18
296,Gaurav Saxena,+918192870312,Pune,Scooter,4.1,2057,2025-05-12
297,Ira Agarwal,+917516426007,Hyderabad,Bike,3.7,153,2024-06-09
298,Simran Pandey,+919877796004,Bangalore,Bike,4.2,832,2024-06-26
299,Pooja Patel,+917045837716,Delhi,Bike,3.4,2451,2024-04-13
300,Amit Singh,+918584273530,Lucknow,Scooter,3.0,1168,2023-07-05
301,Divya Joshi,+919755969088,Bangalore,Bike,4.4,1086,2024-03-07
302,Gaurav Verma,+919457498335,Kolkata,Bicycle,4.9,2538,2025-03-09
303,Simran Chopra,+917746340614,Bangalore,Bicycle,4.5,475,2023-07-10
304,Pooja Sharma,+919632473469,Lucknow,Bike,4.5,589,2023-08-24
305,Vikram Saxena,+917512934062,Mumbai,Scooter,3.1,449,2024-12-09
306,Kiara Srivastava,+917834006960,Chennai,Scooter,3.7,2802,2024-04-20
307,Ritika Patel,+919520490780,Pune,Bike,3.0,2771,2024-07-17
308,Vikram Saxena,+919867846113,Chennai,Bike,4.7,2104,2023-10-30
309,Varun Joshi,+917360642836,Mumbai,Bike,4.2,2870,2024-10-30
310,Vikram Patel,+919728591473,Pune,Scooter,3.0,1171,2024-12-26
311,Neha Singh,+918466527279,Bangalore,Scooter,3.2,1946,2023-08-30
312,Ayaan Yadav,+917388959643,Delhi,Bike,3.6,2616,2023-06-21
313,Tanya Patel,+917044833889,Delhi,Bike,3.2,1060,2024-04-11
314,Shruti Mukherjee,+917820708352,Pune,Scooter,3.6,1603,2025-05-23
315,Riya Patel,+918198138675,Mumbai,Bike,3.5,821,2024-03-06
316,Myra Patel,+918266724774,Delhi,Bike,3.2,1504,2025-01-13
317,Pooja Shah,+919756621281,Hyderabad,Scooter,4.4,748,2023-07-08
318,Nisha Iyer,+917668744549,Hyderabad,Bike,4.4,1470,2025-03-23
319,Shruti Dubey,+918239909831,Delhi,Scooter,4.0,1151,2023-09-01
320,Manish Pandey,+917905044043,Delhi,Bike,3.1,522,2024-11-11
321,Nikhil Mukherjee,+917800691467,Bangalore,Bike,3.6,2359,2024-06-21
322,Nikhil Banerjee,+917145383719,Delhi,Bike,3.7,82,2023-11-10
323,Vikram Chopra,+918437579139,Delhi,Bicycle,3.4,1516,2024-04-09
324,Ananya Bhat,+919348394093,Delhi,Bike,4.6,1919,2025-01-28
325,Suresh Tiwari,+918868175386,Pune,Bike,3.5,1578,2025-02-05
326,Amit Chopra,+919914375142,Bangalore,Bike,4.9,1009,2024-11-01
327,Reyansh Menon,+918829201780,Kolkata,Bicycle,3.8,166,2023-11-15
328,Manish Patel,+918290993144,Jaipur,Bicycle,4.9,862,2025-01-02
329,Akash Kumar,+917557876850,Chennai,Scooter,3.1,420,2024-04-12
330,Tanya Kumar,+918486498696,Bangalore,Bike,3.0,654,2023-12-23
331,Diya Rao,+918320817370,Mumbai,Bike,3.4,419,2025-06-11
332,Aadhya Kumar,+919940822421,Hyderabad,Scooter,3.0,702,2024-05-18
333,Reyansh Chopra,+919361497875,Pune,Scooter,4.8,2787,2024-06-20
334,Simran Tiwari,+918042568977,Kolkata,Bike,3.3,596,2024-07-14
335,Tanya Mehta,+918216311536,Kolkata,Scooter,3.8,1663,2024-11-28
336,Arjun Shah,+919097272582,Chennai,Bicycle,3.1,2542,2023-11-30
337,Tanya Nair,+918585412313,Bangalore,Scooter,3.0,2504,2024-07-12
338,Arjun Mukherjee,+917988158051,Mumbai,Bike,3.4,1833,2023-09-04
339,Amit Iyer,+919809101628,Mumbai,Bike,3.6,2815,2024-10-05
340,Aditya Joshi,+918811346167,Mumbai,Bike,4.0,485,2024-09-19
341,Sai Shah,+919946629399,Pune,Scooter,3.8,100,2023-11-12
342,Rahul Kumar,+919468241289,Hyderabad,Scooter,3.0,2728,2025-04-17
343,Sneha Menon,+917234124219,Delhi,Bike,4.3,2522,2024-09-04
344,Manish Shah,+919033870092,Pune,Scooter,4.9,507,2023-12-01
345,Meera Kapoor,+918646998920,Jaipur,Bike,3.0,2948,2025-01-25
346,Ira Reddy,+919211462707,Kolkata,Scooter,3.9,248,2024-09-18
347,Riya Verma,+917522059481,Jaipur,Bike,3.1,2504,2025-05-03
348,Pooja Joshi,+918828378479,Delhi,Bike,4.6,2273,2024-02-29
349,Diya Rao,+918532810949,Bangalore,Bike,3.6,195,2025-01-31
350,Ayaan Shah,+917157248835,Hyderabad,Bike,3.4,2241,2023-09-05
351,Krishna Mishra,+917621242610,Chennai,Bike,3.5,1926,2025-05-06
352,Pallavi Nair,+919248667688,Hyderabad,Bike,3.7,206,2023-10-29
353,Harish Mishra,+919739392341,Kolkata,Bike,4.0,372,2024-05-11
354,Gaurav Mishra,+918297019898,Bangalore,Bike,4.9,1102,2025-06-08
355,Divya Mishra,+917340519100,Jaipur,Bike,3.2,834,2025-01-05
356,Ira Rao,+919643902302,Hyderabad,Bicycle,3.5,250,2024-06-18
357,Suresh Chopra,+917924316747,Kolkata,Bike,4.5,810,2024-03-10
358,Manish Agarwal,+917196461174,Chennai,Bicycle,4.4,1166,2023-06-06
359,Vikram Reddy,+917080397265,Kolkata,Scooter,3.5,1944,2025-02-03
360,Gaurav Mehta,+917417246206,Delhi,Bike,3.6,311,2025-02-16
361,Riya Mishra,+919616992957,Kolkata,Scooter,4.3,1396,2024-12-06
362,Rohit Chopra,+919395119111,Mumbai,Bike,3.7,1870,2023-11-03
363,Simran Srivastava,+919143079797,Delhi,Scooter,4.3,1097,2024-07-17
364,Aditya Agarwal,+919453771889,Ahmedabad,Scooter,4.1,1464,2023-08-25
365,Sara Mishra,+919274579252,Bangalore,Bike,3.6,2812,2024-09-21
366,Vivaan Kumar,+919683764859,Hyderabad,Scooter,4.1,1751,2023-06-24
367,Akash Rao,+919389889404,Pune,Bicycle,3.8,2251,2023-10-13
368,Rohit Das,+917530402737,Mumbai,Bike,5.0,2387,2024-03-23
369,Diya Srivastava,+917683404539,Kolkata,Bicycle,5.0,2303,2024-07-23
370,Neha Pandey,+917935240288,Bangalore,Scooter,3.6,1537,2025-03-07
371,Reyansh Agarwal,+919949971992,Ahmedabad,Scooter,3.6,2243,2024-11-27
372,Sneha Nair,+918735020620,Hyderabad,Bike,4.7,1890,2023-11-08
373,Diya Iyer,+918238702124,Mumbai,Scooter,4.5,2737,2023-11-24
374,Shruti Yadav,+917422294460,Bangalore,Scooter,4.9,1730,2023-12-11
375,Gaurav Sharma,+919658052055,Delhi,Scooter,4.0,379,2025-02-03
376,Suresh Mishra,+918755676391,Lucknow,Bike,3.5,2381,2025-03-02
377,Deepak Agarwal,+917390697885,Ahmedabad,Bike,4.2,2729,2024-07-03
378,Kavita Malhotra,+917829064294,Jaipur,Bike,3.7,1030,2023-11-27
379,Deepak Yadav,+917858071348,Delhi,Bike,4.8,897,2025-01-12
380,Simran Bhat,+918052468721,Pune,Bike,3.5,774,2024-09-15
381,Manish Mukherjee,+917477416957,Kolkata,Scooter,4.7,702,2024-02-06
382,Simran Mishra,+917299970281,Mumbai,Bike,4.4,2178,2024-09-24
383,Rohit Gupta,+918791386226,Ahmedabad,Bicycle,4.1,2981,2025-02-11
384,Divya Kapoor,+917101877159,Bangalore,Scooter,3.1,1681,2025-06-12
385,Tanya Verma,+918560676300,Bangalore,Bicycle,4.3,1852,2024-08-12
386,Ayaan Singh,+917626995385,Jaipur,Scooter,4.2,507,2025-06-09
387,Ananya Shah,+918773362162,Chennai,Bike,3.5,2026,2024-01-02
388,Ira Singh,+918417449520,Chennai,Bike,4.8,2063,2024-02-06
389,Akash Joshi,+918470781057,Delhi,Bike,4.6,2915,2024-02-20
390,Suresh Joshi,+919553049385,Mumbai,Bike,4.0,156,2024-01-13
391,Pooja Banerjee,+918557888730,Pune,Bike,4.4,2375,2025-03-11
392,Priya Chopra,+918889194411,Chennai,Bike,4.6,576,2023-10-29
393,Harish Rao,+918650240997,Delhi,Bike,4.7,2438,2024-04-06
394,Ishaan Banerjee,+917051826149,Delhi,Scooter,4.5,2166,2024-07-20
395,Deepak Das,+917731905898,Ahmedabad,Scooter,4.2,2102,2024-04-17
396,Swati Shah,+918623406315,Jaipur,Bike,3.3,2201,2024-10-06
397,Diya Chopra,+918631539419,Mumbai,Bicycle,3.7,1316,2023-12-29
398,Aanya Kumar,+918195356165,Chennai,Scooter,3.2,856,2024-05-31
399,Ankita Bhat,+919445588678,Lucknow,Bicycle,4.7,2196,2024-01-20
400,Megha Reddy,+918561479714,Chennai,Bike,3.2,1399,2024-11-01
401,Arjun Joshi,+919376338727,Ahmedabad,Scooter,4.1,375,2023-07-28
402,Karan Banerjee,+919246047970,Delhi,Bike,4.5,2875,2025-03-28
403,Aadhya Nair,+919961970301,Pune,Bike,5.0,1138,2024-12-17
404,Kiara Gupta,+917816104624,Pune,Bicycle,4.8,592,2024-11-17
405,Priya Verma,+917892202360,Delhi,Scooter,4.2,1951,2023-09-09
406,Rajesh Chauhan,+917219398971,Delhi,Scooter,3.4,526,2024-08-26
407,Sai Chopra,+917847810424,Mumbai,Scooter,4.2,1278,2025-01-03
408,Aarav Banerjee,+918845786456,Jaipur,Bike,4.8,2682,2023-12-17
409,Nisha Dubey,+919727014541,Chennai,Bike,3.0,1717,2025-02-05
410,Kiara Chopra,+919710674962,Mumbai,Scooter,4.0,2693,2024-04-02
411,Ira Srivastava,+919285738755,Delhi,Bike,4.1,1314,2025-03-02
412,Karan Singh,+917782458358,Bangalore,Bike,4.9,1977,2024-10-20
413,Ananya Patel,+917281575801,Kolkata,Scooter,3.2,1865,2024-05-16
414,Gaurav Agarwal,+919313226842,Kolkata,Bike,3.2,999,2024-01-05
415,Priya Malhotra,+918311613527,Delhi,Scooter,3.2,1279,2025-02-14
416,Sara Banerjee,+919885733726,Mumbai,Bike,4.5,753,2023-11-09
417,Pallavi Agarwal,+917674879624,Delhi,Scooter,3.9,2488,2024-07-31
418,Tanya Mishra,+918156991983,Delhi,Bike,4.9,1293,2024-06-14
419,Ishaan Rao,+918433325777,Pune,Scooter,3.6,1311,2024-08-09
420,Suresh Iyer,+918791532400,Mumbai,Bicycle,3.1,1724,2024-05-28
421,Divya Dubey,+917600995997,Ahmedabad,Scooter,3.0,2934,2023-12-25
422,Sara Agarwal,+918099208100,Delhi,Bike,3.6,1616,2024-04-29
423,Kavita Kapoor,+917856640430,Kolkata,Scooter,3.9,1172,2023-09-18
424,Arjun Nair,+917688989839,Delhi,Bike,4.4,1974,2023-07-18
425,Tanya Agarwal,+918675307885,Pune,Bicycle,4.0,1197,2025-02-11
426,Nisha Iyer,+917254763835,Mumbai,Scooter,3.6,1563,2024-08-22
427,Riya Singh,+919026541115,Mumbai,Scooter,3.6,1744,2023-11-03
428,Ishaan Banerjee,+918283575154,Hyderabad,Scooter,3.9,1392,2025-01-07
429,Rajesh Pandey,+919837645328,Delhi,Scooter,3.6,139,2023-10-22
430,Tanya Pandey,+917292074547,Jaipur,Scooter,4.5,1529,2024-08-30
431,Megha Chauhan,+917922614032,Delhi,Bike,3.9,1414,2023-12-21
432,Shruti Tiwari,+918112507433,Delhi,Scooter,3.0,538,2025-03-19
433,Vikram Menon,+918702129805,Kolkata,Scooter,4.7,296,2024-11-06
434,Pooja Sharma,+919429725694,Bangalore,Bike,4.0,1389,2024-12-03
435,Ankita Rao,+919468813654,Delhi,Bike,3.2,427,2024-12-23
436,Tanya Singh,+919283902273,Mumbai,Scooter,4.7,2400,2024-09-22
437,Pallavi Mukherjee,+917819855376,Pune,Scooter,3.9,1184,2024-09-19
438,Karan Chauhan,+917653716836,Chennai,Bike,4.3,1441,2024-09-07
439,Swati Pandey,+919974634928,Pune,Bicycle,4.8,1694,2025-01-09
440,Riya Sharma,+919678727040,Kolkata,Bike,3.5,1799,2023-11-02
441,Ira Srivastava,+917957305197,Hyderabad,Scooter,4.1,2727,2025-04-12
442,Myra Pandey,+919467194185,Lucknow,Bicycle,4.4,2412,2023-11-04
443,Myra Pandey,+917636874095,Delhi,Bike,3.1,2515,2023-07-11
444,Tanya Kumar,+919319609840,Bangalore,Bike,4.7,992,2025-04-04
445,Sara Reddy,+918301072326,Mumbai,Bicycle,3.5,939,2024-05-29
446,Vivaan Kumar,+918888243482,Mumbai,Bicycle,3.1,904,2024-06-24
447,Vihaan Bhat,+918883544401,Bangalore,Bike,3.8,560,2023-09-04
448,Diya Malhotra,+919483794765,Pune,Bike,4.5,542,2024-10-13
449,Megha Das,+918539274843,Pune,Bike,3.4,421,2024-11-01
450,Pooja Chopra,+918096438721,Hyderabad,Bicycle,3.0,1606,2024-08-04
451,Sneha Srivastava,+917429780318,Bangalore,Bicycle,4.7,1828,2025-03-29
452,Priya Nair,+917362716319,Chennai,Scooter,4.8,114,2024-03-08
453,Varun Mukherjee,+918388438102,Mumbai,Scooter,3.4,87,2023-10-10
454,Swati Kumar,+917602241872,Pune,Scooter,3.1,909,2025-06-27
455,Nikhil Rao,+918596456673,Chennai,Scooter,3.8,765,2024-11-13
456,Ishaan Mishra,+919871906390,Delhi,Bicycle,3.2,715,2023-07-01
457,Ankita Reddy,+918314538386,Bangalore,Bike,4.7,2597,2024-04-24
458,Vivaan Dubey,+917110939146,Delhi,Bicycle,3.1,641,2024-07-22
459,Aditya Kapoor,+918619360607,Kolkata,Scooter,3.3,460,2023-06-16
460,Neha Chauhan,+917956487847,Mumbai,Bicycle,3.2,1998,2024-09-18
461,Vikram Srivastava,+919305225771,Bangalore,Bicycle,4.6,52,2024-04-14
462,Deepak Chopra,+918103212258,Mumbai,Scooter,3.7,2563,2025-04-15
463,Ritika Singh,+919052091744,Hyderabad,Scooter,4.1,565,2024-01-11
464,Manish Kumar,+917612443156,Delhi,Bike,3.2,1704,2024-03-16
465,Pallavi Singh,+918072791762,Delhi,Bike,4.3,1396,2025-05-28
466,Simran Agarwal,+919537400779,Hyderabad,Scooter,4.8,589,2024-05-01
467,Meera Shah,+919839840224,Mumbai,Scooter,4.7,1627,2025-03-09
468,Vihaan Dubey,+917849957473,Ahmedabad,Bike,4.3,1024,2023-11-13
469,Sneha Mehta,+917050304852,Hyderabad,Bike,3.7,2625,2025-01-12
470,Sneha Bhat,+917922714413,Bangalore,Bike,3.9,1194,2025-04-02
471,Tanya Malhotra,+918448908682,Delhi,Bicycle,3.5,2046,2024-12-14
472,Simran Agarwal,+917414479000,Chennai,Bike,4.0,308,2024-06-09
473,Meera Mukherjee,+917109152233,Ahmedabad,Bike,3.5,1923,2023-09-22
474,Ayaan Kapoor,+918270079541,Mumbai,Bike,3.9,2316,2023-08-24
475,Manish Patel,+918707499013,Kolkata,Bicycle,4.0,630,2025-04-27
476,Aanya Pandey,+917071808601,Delhi,Scooter,4.1,671,2024-12-28
477,Swati Malhotra,+917201842915,Kolkata,Bike,3.5,2224,2023-11-18
478,Pooja Patel,+917430089730,Pune,Scooter,4.7,976,2025-06-03
479,Ishaan Kapoor,+919618493607,Bangalore,Bike,3.1,1691,2024-03-30
480,Rohit Chauhan,+919240892999,Ahmedabad,Bicycle,3.9,607,2025-06-08
481,Priya Sharma,+917321566281,Delhi,Scooter,3.6,2561,2025-01-29
482,Arjun Verma,+918762549480,Mumbai,Bike,3.3,1043,2024-07-05
483,Ananya Mukherjee,+918799631146,Bangalore,Bike,4.7,338,2024-01-18
484,Kiara Kumar,+918724173979,Mumbai,Scooter,4.9,671,2023-12-28
485,Karan Kumar,+919887240519,Delhi,Bike,4.3,2182,2024-04-14
486,Swati Singh,+919699583369,Chennai,Bike,3.9,561,2024-12-06
487,Megha Das,+918951493270,Mumbai,Bicycle,4.5,2999,2024-05-15
488,Kiara Verma,+918638537373,Jaipur,Bike,4.3,1794,2025-01-20
489,Ananya Chauhan,+919969698946,Jaipur,Bike,3.6,2191,2023-09-14
490,Sai Mishra,+919591222771,Ahmedabad,Bicycle,3.5,2773,2024-10-19
491,Pankaj Menon,+918811076569,Mumbai,Bike,4.5,1179,2024-02-13
492,Gaurav Malhotra,+918412312682,Bangalore,Scooter,5.0,390,2023-06-14
493,Reyansh Tiwari,+919085416061,Delhi,Bike,4.2,2776,2024-02-28
494,Reyansh Pandey,+919095351182,Hyderabad,Scooter,3.8,2175,2025-04-14
495,Rohit Verma,+919584119955,Mumbai,Scooter,4.3,453,2025-01-10
496,Reyansh Singh,+918024840686,Bangalore,Scooter,4.8,1777,2024-07-08
497,Ritika Mishra,+917171218544,Bangalore,Scooter,4.7,2398,2024-11-17
498,Aditya Iyer,+919697747761,Pune,Bike,4.8,934,2025-01-01
499,Diya Sharma,+919708068249,Lucknow,Bike,4.8,166,2025-06-16
500,Simran Srivastava,+918088835309,Bangalore,Scooter,3.7,1068,2024-03-10
