user_id,name,email,phone,signup_date,city,is_premium
1,Gaurav Singh,gaurav.singh1@gmail.com,+918181241943,2024-09-07,Delhi,False
2,Shruti Mishra,shruti.mishra2@gmail.com,+919536146025,2025-03-08,Mumbai,True
3,Aanya Malhotra,aanya.malhotra3@gmail.com,+919410529190,2024-07-22,Pune,False
4,Vikram Nair,vikram.nair4@hotmail.com,+919530876844,2024-10-11,Kolkata,True
5,Ananya Tiwari,ananya.tiwari5@hotmail.com,+918461364854,2024-10-11,Mumbai,False
6,Amit Singh,amit.singh6@gmail.com,+918631775357,2024-04-09,Bangalore,False
7,Ira Dubey,ira.dubey7@gmail.com,+918973214822,2024-05-07,Ahmedabad,False
8,Kavita Rao,kavita.rao8@outlook.com,+919479708607,2024-07-15,Pune,True
9,Aanya Pandey,aanya.pandey9@outlook.com,+917342703921,2024-08-26,Jaipur,False
10,Simran Mukherjee,simran.mukherjee10@outlook.com,+917698594025,2025-01-14,Bangalore,False
11,Pankaj Yadav,pankaj.yadav11@gmail.com,+919616197747,2024-06-24,Hyderabad,False
12,Simran Iyer,simran.iyer12@outlook.com,+919748778024,2024-08-12,Pune,False
13,Tanya Verma,tanya.verma13@yahoo.com,+917137869475,2024-11-19,Bangalore,True
14,Suresh Chauhan,suresh.chauhan14@outlook.com,+917913224047,2025-05-26,Bangalore,False
15,Simran Kumar,simran.kumar15@outlook.com,+917599707677,2024-09-09,Pune,False
16,Megha Banerjee,megha.banerjee16@hotmail.com,+919506254832,2025-02-12,Bangalore,False
17,Krishna Malhotra,krishna.malhotra17@hotmail.com,+917390452952,2024-02-18,Jaipur,False
18,Ananya Dubey,ananya.dubey18@hotmail.com,+919561557300,2024-03-06,Bangalore,False
19,Simran Malhotra,simran.malhotra19@outlook.com,+919376087131,2024-01-12,Pune,True
20,Rajesh Pandey,rajesh.pandey20@outlook.com,+919752909971,2024-12-14,Mumbai,False
21,Simran Sharma,simran.sharma21@outlook.com,+919150000991,2024-07-01,Hyderabad,True
22,Gaurav Rao,gaurav.rao22@yahoo.com,+917656439677,2025-01-17,Kolkata,False
23,Tanya Yadav,tanya.yadav23@gmail.com,+919572447412,2024-11-27,Bangalore,True
24,Pooja Chauhan,pooja.chauhan24@outlook.com,+918028439863,2024-02-29,Delhi,False
25,Sai Gupta,sai.gupta25@hotmail.com,+917297265480,2025-06-29,Kolkata,True
26,Deepak Kapoor,deepak.kapoor26@yahoo.com,+918138409539,2025-06-24,Jaipur,False
27,Sara Yadav,sara.yadav27@yahoo.com,+918338811290,2025-02-12,Ahmedabad,False
28,Karan Chauhan,karan.chauhan28@hotmail.com,+917519709079,2024-09-10,Delhi,False
29,Nisha Kapoor,nisha.kapoor29@yahoo.com,+919527331058,2024-08-13,Mumbai,False
30,Vihaan Nair,vihaan.nair30@gmail.com,+917134917627,2024-12-04,Mumbai,False
31,Nikhil Chopra,nikhil.chopra31@yahoo.com,+919315992115,2024-05-15,Pune,False
32,Suresh Chopra,suresh.chopra32@yahoo.com,+919031403296,2025-02-20,Delhi,True
33,Meera Shah,meera.shah33@hotmail.com,+918765670844,2025-04-23,Jaipur,True
34,Divya Mukherjee,divya.mukherjee34@gmail.com,+917260329455,2025-02-16,Pune,False
35,Reyansh Nair,reyansh.nair35@yahoo.com,+917816941039,2025-04-04,Mumbai,False
36,Simran Nair,simran.nair36@gmail.com,+918903232052,2024-04-10,Mumbai,False
37,Aarav Gupta,aarav.gupta37@yahoo.com,+917714300770,2025-02-20,Bangalore,False
38,Sneha Chauhan,sneha.chauhan38@gmail.com,+917707111048,2025-01-23,Mumbai,False
39,Simran Rao,simran.rao39@hotmail.com,+919991837720,2025-05-13,Mumbai,False
40,Vihaan Banerjee,vihaan.banerjee40@gmail.com,+918346922426,2024-02-28,Mumbai,False
41,Swati Patel,swati.patel41@gmail.com,+919181106786,2024-03-23,Jaipur,True
42,Arjun Agarwal,arjun.agarwal42@yahoo.com,+918734202799,2024-05-02,Lucknow,False
43,Nisha Das,nisha.das43@gmail.com,+919660223333,2024-03-24,Bangalore,False
44,Swati Mehta,swati.mehta44@outlook.com,+917877286584,2024-11-17,Delhi,False
45,Nikhil Mukherjee,nikhil.mukherjee45@outlook.com,+918963764597,2024-11-19,Lucknow,False
46,Aarav Bhat,aarav.bhat46@gmail.com,+917314652384,2024-08-06,Hyderabad,True
47,Neha Chauhan,neha.chauhan47@gmail.com,+918049193572,2025-01-13,Delhi,False
48,Rajesh Tiwari,rajesh.tiwari48@outlook.com,+919627135980,2025-06-25,Mumbai,False
49,Priya Yadav,priya.yadav49@gmail.com,+917576775951,2024-09-27,Mumbai,True
50,Kavita Kumar,kavita.kumar50@outlook.com,+918210133979,2024-08-03,Pune,False
51,Gaurav Srivastava,gaurav.srivastava51@outlook.com,+919170715377,2025-05-15,Delhi,False
52,Vihaan Gupta,vihaan.gupta52@hotmail.com,+918188332531,2024-02-15,Mumbai,False
53,Gaurav Joshi,gaurav.joshi53@yahoo.com,+918897669065,2025-03-13,Hyderabad,True
54,Pankaj Chauhan,pankaj.chauhan54@yahoo.com,+919343292475,2024-02-06,Jaipur,False
55,Ishaan Menon,ishaan.menon55@yahoo.com,+917179653598,2024-11-11,Bangalore,False
56,Aditya Chauhan,aditya.chauhan56@outlook.com,+917902271852,2024-09-12,Chennai,False
57,Kavita Chauhan,kavita.chauhan57@hotmail.com,+919665720874,2024-06-07,Lucknow,False
58,Ananya Dubey,ananya.dubey58@yahoo.com,+918770791023,2024-01-26,Mumbai,False
59,Vikram Dubey,vikram.dubey59@yahoo.com,+918145921803,2024-06-12,Kolkata,True
60,Aditya Srivastava,aditya.srivastava60@hotmail.com,+917955345537,2024-07-23,Kolkata,False
61,Priya Saxena,priya.saxena61@yahoo.com,+917957449367,2024-01-25,Chennai,False
62,Kiara Srivastava,kiara.srivastava62@gmail.com,+918198832728,2024-12-25,Chennai,False
63,Rajesh Mehta,rajesh.mehta63@gmail.com,+917495389030,2024-09-24,Mumbai,False
64,Ira Verma,ira.verma64@gmail.com,+919562254028,2025-03-20,Bangalore,False
65,Meera Das,meera.das65@gmail.com,+918654401763,2024-07-13,Delhi,False
66,Aarav Malhotra,aarav.malhotra66@yahoo.com,+918564319318,2025-03-17,Mumbai,False
67,Amit Das,amit.das67@outlook.com,+919849227494,2024-05-07,Pune,False
68,Priya Agarwal,priya.agarwal68@hotmail.com,+918400944900,2025-02-16,Pune,False
69,Myra Menon,myra.menon69@hotmail.com,+919909058412,2024-06-27,Chennai,False
70,Kavita Saxena,kavita.saxena70@gmail.com,+918305132983,2024-10-20,Delhi,False
71,Harish Mukherjee,harish.mukherjee71@outlook.com,+918997109065,2025-03-28,Bangalore,False
72,Deepak Dubey,deepak.dubey72@yahoo.com,+919829742424,2024-03-27,Delhi,False
73,Pallavi Mehta,pallavi.mehta73@gmail.com,+918008752943,2024-11-13,Delhi,False
74,Vivaan Verma,vivaan.verma74@yahoo.com,+919040695043,2024-03-15,Bangalore,False
75,Suresh Reddy,suresh.reddy75@hotmail.com,+919123333781,2025-02-13,Delhi,False
76,Aarav Chauhan,aarav.chauhan76@gmail.com,+918825989011,2024-08-12,Mumbai,False
77,Swati Bhat,swati.bhat77@gmail.com,+919394039673,2024-09-12,Lucknow,True
78,Krishna Dubey,krishna.dubey78@hotmail.com,+919867224513,2025-06-27,Ahmedabad,False
79,Akash Chauhan,akash.chauhan79@hotmail.com,+919631321682,2025-05-31,Bangalore,False
80,Karan Chauhan,karan.chauhan80@yahoo.com,+919038711176,2025-04-05,Delhi,False
81,Gaurav Joshi,gaurav.joshi81@hotmail.com,+919691864041,2024-09-01,Delhi,True
82,Riya Nair,riya.nair82@outlook.com,+918442454200,2024-11-23,Lucknow,True
83,Ishaan Nair,ishaan.nair83@hotmail.com,+919980491761,2024-06-05,Pune,True
84,Vikram Mehta,vikram.mehta84@hotmail.com,+918785736751,2024-03-04,Delhi,False
85,Tanya Banerjee,tanya.banerjee85@gmail.com,+919472571231,2025-01-24,Bangalore,False
86,Priya Pandey,priya.pandey86@hotmail.com,+918799682701,2024-08-13,Bangalore,False
87,Ankita Sharma,ankita.sharma87@hotmail.com,+918443665390,2025-02-18,Pune,False
88,Krishna Das,krishna.das88@gmail.com,+918692304102,2024-01-28,Mumbai,False
89,Simran Patel,simran.patel89@gmail.com,+918117362852,2025-01-23,Delhi,False
90,Amit Pandey,amit.pandey90@hotmail.com,+918195103064,2025-03-07,Delhi,True
91,Vivaan Mishra,vivaan.mishra91@gmail.com,+918503068227,2024-08-17,Chennai,False
92,Divya Verma,divya.verma92@gmail.com,+918062073697,2024-07-23,Jaipur,False
93,Aadhya Kumar,aadhya.kumar93@hotmail.com,+919875303857,2024-04-27,Hyderabad,False
94,Pankaj Joshi,pankaj.joshi94@outlook.com,+917720648887,2024-04-27,Kolkata,False
95,Priya Singh,priya.singh95@gmail.com,+918339846171,2025-01-19,Bangalore,False
96,Arjun Banerjee,arjun.banerjee96@yahoo.com,+917437662764,2024-11-04,Jaipur,False
97,Ayaan Dubey,ayaan.dubey97@gmail.com,+918491228808,2025-06-29,Bangalore,False
98,Manish Mukherjee,manish.mukherjee98@outlook.com,+917054340558,2025-03-06,Kolkata,True
99,Pooja Mukherjee,pooja.mukherjee99@hotmail.com,+917657091982,2025-03-21,Mumbai,False
100,Divya Joshi,divya.joshi100@hotmail.com,+918996617659,2025-03-22,Kolkata,False
101,Rahul Srivastava,rahul.srivastava101@yahoo.com,+917372214308,2024-10-12,Jaipur,False
102,Simran Banerjee,simran.banerjee102@hotmail.com,+918444812497,2024-01-30,Hyderabad,False
103,Ankita Reddy,ankita.reddy103@outlook.com,+918109615163,2024-12-14,Delhi,False
104,Kiara Kapoor,kiara.kapoor104@gmail.com,+919218897149,2024-07-14,Mumbai,False
105,Ankita Kapoor,ankita.kapoor105@yahoo.com,+919966144543,2025-05-02,Chennai,False
106,Vivaan Gupta,vivaan.gupta106@outlook.com,+917951749308,2025-02-18,Pune,False
107,Nisha Shah,nisha.shah107@hotmail.com,+919377148230,2025-06-27,Bangalore,False
108,Kavita Mehta,kavita.mehta108@outlook.com,+918948821078,2024-10-04,Delhi,False
109,Varun Reddy,varun.reddy109@outlook.com,+917513483708,2024-07-08,Delhi,False
110,Kiara Mishra,kiara.mishra110@outlook.com,+917431756350,2024-07-17,Delhi,False
111,Priya Sharma,priya.sharma111@yahoo.com,+918178158203,2024-02-16,Ahmedabad,False
112,Pankaj Kumar,pankaj.kumar112@hotmail.com,+917440610570,2024-01-13,Hyderabad,False
113,Karan Mehta,karan.mehta113@yahoo.com,+917220661337,2024-09-15,Lucknow,False
114,Arjun Iyer,arjun.iyer114@hotmail.com,+917318180503,2024-02-24,Mumbai,False
115,Priya Gupta,priya.gupta115@yahoo.com,+917508745584,2025-03-02,Chennai,False
116,Aanya Pandey,aanya.pandey116@hotmail.com,+918934944879,2025-03-29,Delhi,False
117,Meera Rao,meera.rao117@gmail.com,+919618344818,2024-04-11,Lucknow,False
118,Sara Joshi,sara.joshi118@gmail.com,+917674555072,2024-09-02,Mumbai,True
119,Aarav Menon,aarav.menon119@hotmail.com,+919960826470,2025-04-26,Delhi,False
120,Ritika Rao,ritika.rao120@hotmail.com,+917305714736,2024-08-27,Lucknow,False
121,Gaurav Banerjee,gaurav.banerjee121@yahoo.com,+918825957977,2024-04-27,Hyderabad,False
122,Kiara Saxena,kiara.saxena122@yahoo.com,+917306702926,2024-03-02,Mumbai,False
123,Megha Saxena,megha.saxena123@outlook.com,+918886149718,2024-05-07,Bangalore,False
124,Sneha Joshi,sneha.joshi124@hotmail.com,+918880160025,2024-03-23,Chennai,False
125,Megha Mehta,megha.mehta125@outlook.com,+917111088881,2024-04-03,Delhi,False
126,Suresh Banerjee,suresh.banerjee126@gmail.com,+919887427412,2024-10-02,Hyderabad,False
127,Diya Chopra,diya.chopra127@hotmail.com,+918194673401,2024-07-04,Ahmedabad,False
128,Ankita Gupta,ankita.gupta128@hotmail.com,+918494481363,2025-02-22,Delhi,False
129,Ananya Mehta,ananya.mehta129@hotmail.com,+919979305739,2025-05-22,Delhi,False
130,Akash Kapoor,akash.kapoor130@gmail.com,+918953462417,2024-03-31,Delhi,False
131,Tanya Iyer,tanya.iyer131@gmail.com,+919824629834,2025-04-18,Bangalore,False
132,Pooja Das,pooja.das132@hotmail.com,+919686110098,2025-03-28,Pune,False
133,Kavita Kumar,kavita.kumar133@outlook.com,+918881694278,2025-05-11,Mumbai,False
134,Harish Dubey,harish.dubey134@yahoo.com,+917680229045,2024-11-14,Hyderabad,False
135,Sai Nair,sai.nair135@gmail.com,+918981903597,2024-04-30,Chennai,False
136,Ritika Rao,ritika.rao136@outlook.com,+918784517419,2025-05-09,Ahmedabad,False
137,Kavita Kumar,kavita.kumar137@hotmail.com,+917818665301,2025-06-04,Pune,True
138,Arjun Joshi,arjun.joshi138@hotmail.com,+918459753033,2025-06-03,Delhi,True
139,Varun Rao,varun.rao139@hotmail.com,+917638212450,2025-04-02,Hyderabad,False
140,Kavita Pandey,kavita.pandey140@hotmail.com,+918955690228,2024-11-25,Jaipur,False
141,Aadhya Banerjee,aadhya.banerjee141@hotmail.com,+918003143045,2025-02-24,Mumbai,False
142,Ritika Yadav,ritika.yadav142@hotmail.com,+918658195603,2024-06-04,Hyderabad,True
143,Manish Banerjee,manish.banerjee143@outlook.com,+917431062656,2025-03-26,Mumbai,False
144,Aarav Mishra,aarav.mishra144@yahoo.com,+918760844750,2024-06-07,Mumbai,False
145,Ira Mehta,ira.mehta145@hotmail.com,+919791027186,2024-03-23,Jaipur,False
146,Rajesh Iyer,rajesh.iyer146@outlook.com,+919692081959,2025-05-14,Jaipur,True
147,Arjun Nair,arjun.nair147@outlook.com,+917977046129,2024-04-02,Bangalore,True
148,Gaurav Tiwari,gaurav.tiwari148@gmail.com,+918905584866,2024-06-19,Pune,False
149,Aditya Mehta,aditya.mehta149@gmail.com,+918260005019,2025-01-02,Bangalore,True
150,Swati Menon,swati.menon150@yahoo.com,+917730074215,2024-06-28,Mumbai,False
151,Pallavi Agarwal,pallavi.agarwal151@yahoo.com,+919137464556,2024-05-26,Delhi,False
152,Simran Joshi,simran.joshi152@gmail.com,+918998247509,2024-10-21,Chennai,False
153,Karan Shah,karan.shah153@outlook.com,+919744220825,2025-03-10,Pune,False
154,Priya Reddy,priya.reddy154@hotmail.com,+919075362821,2024-04-19,Delhi,False
155,Suresh Rao,suresh.rao155@outlook.com,+917094229853,2025-02-09,Delhi,False
156,Shruti Pandey,shruti.pandey156@gmail.com,+919604496061,2025-05-23,Jaipur,False
157,Tanya Dubey,tanya.dubey157@yahoo.com,+919607324296,2024-12-26,Delhi,False
158,Ira Agarwal,ira.agarwal158@yahoo.com,+919698305085,2024-04-09,Lucknow,False
159,Priya Dubey,priya.dubey159@hotmail.com,+917143299564,2025-01-08,Pune,True
160,Riya Mehta,riya.mehta160@hotmail.com,+917754368373,2024-07-24,Mumbai,False
161,Pooja Malhotra,pooja.malhotra161@outlook.com,+917706712922,2024-09-20,Lucknow,False
162,Riya Mishra,riya.mishra162@outlook.com,+917494650131,2025-04-24,Ahmedabad,True
163,Aanya Srivastava,aanya.srivastava163@hotmail.com,+919393639475,2025-01-09,Mumbai,False
164,Ira Kapoor,ira.kapoor164@gmail.com,+918953291127,2025-01-12,Chennai,False
165,Nisha Iyer,nisha.iyer165@outlook.com,+917465342967,2024-08-27,Bangalore,False
166,Kavita Mehta,kavita.mehta166@yahoo.com,+919781645815,2024-03-05,Chennai,False
167,Pankaj Rao,pankaj.rao167@hotmail.com,+917501119337,2024-05-23,Mumbai,True
168,Ankita Singh,ankita.singh168@gmail.com,+918008458444,2024-05-18,Bangalore,False
169,Megha Tiwari,megha.tiwari169@hotmail.com,+919522607583,2024-06-07,Jaipur,False
170,Ankita Das,ankita.das170@hotmail.com,+918201474778,2024-02-03,Pune,False
171,Karan Nair,karan.nair171@outlook.com,+917426724858,2025-01-11,Hyderabad,False
172,Neha Verma,neha.verma172@hotmail.com,+918184901787,2024-07-13,Ahmedabad,False
173,Simran Gupta,simran.gupta173@yahoo.com,+919756099698,2024-01-22,Mumbai,False
174,Krishna Dubey,krishna.dubey174@yahoo.com,+917294678352,2024-07-31,Hyderabad,False
175,Aanya Mehta,aanya.mehta175@yahoo.com,+919559721644,2024-01-03,Delhi,False
176,Krishna Kapoor,krishna.kapoor176@outlook.com,+917749459431,2024-04-22,Chennai,True
177,Aarav Shah,aarav.shah177@yahoo.com,+919529104043,2024-11-27,Mumbai,False
178,Krishna Mishra,krishna.mishra178@hotmail.com,+919259520140,2024-04-26,Pune,False
179,Tanya Shah,tanya.shah179@gmail.com,+918941348507,2025-05-30,Delhi,False
180,Varun Dubey,varun.dubey180@outlook.com,+918967277638,2024-02-01,Mumbai,False
181,Sneha Menon,sneha.menon181@gmail.com,+919105688676,2025-03-30,Mumbai,True
182,Harish Kumar,harish.kumar182@gmail.com,+917541988748,2024-10-08,Chennai,False
183,Ritika Mehta,ritika.mehta183@hotmail.com,+919565778475,2025-06-27,Delhi,False
184,Meera Singh,meera.singh184@gmail.com,+919811970742,2024-08-08,Bangalore,False
185,Vikram Mehta,vikram.mehta185@hotmail.com,+918712533097,2025-03-01,Pune,False
186,Rahul Agarwal,rahul.agarwal186@outlook.com,+918607610633,2024-06-05,Pune,False
187,Sai Saxena,sai.saxena187@gmail.com,+917400420225,2025-03-18,Mumbai,False
188,Krishna Kapoor,krishna.kapoor188@gmail.com,+919518848328,2024-12-03,Chennai,False
189,Nikhil Pandey,nikhil.pandey189@hotmail.com,+917220959215,2024-10-21,Chennai,False
190,Suresh Malhotra,suresh.malhotra190@yahoo.com,+917664561034,2025-05-08,Delhi,True
191,Kavita Shah,kavita.shah191@gmail.com,+918196441373,2024-08-19,Kolkata,False
192,Tanya Saxena,tanya.saxena192@gmail.com,+919615613239,2024-09-30,Mumbai,False
193,Akash Rao,akash.rao193@outlook.com,+918507634128,2024-01-07,Delhi,True
194,Nikhil Iyer,nikhil.iyer194@gmail.com,+917609346980,2024-02-01,Mumbai,False
195,Rohit Menon,rohit.menon195@hotmail.com,+918464137110,2024-06-10,Bangalore,False
196,Tanya Banerjee,tanya.banerjee196@gmail.com,+917225953184,2024-06-08,Mumbai,False
197,Shruti Gupta,shruti.gupta197@outlook.com,+918903155722,2025-03-10,Bangalore,False
198,Kiara Reddy,kiara.reddy198@gmail.com,+918482506118,2025-03-16,Mumbai,False
199,Nisha Chopra,nisha.chopra199@outlook.com,+917195066088,2024-08-13,Bangalore,False
200,Aarav Reddy,aarav.reddy200@outlook.com,+917907243029,2024-05-20,Kolkata,False
201,Ayaan Sharma,ayaan.sharma201@hotmail.com,+918849649210,2024-06-28,Mumbai,False
202,Aanya Malhotra,aanya.malhotra202@outlook.com,+917309561891,2025-02-10,Jaipur,True
203,Vivaan Bhat,vivaan.bhat203@gmail.com,+918344585158,2025-03-15,Hyderabad,False
204,Vikram Rao,vikram.rao204@gmail.com,+918739600515,2024-01-22,Ahmedabad,False
205,Pallavi Bhat,pallavi.bhat205@outlook.com,+917378514962,2025-03-23,Jaipur,False
206,Nisha Iyer,nisha.iyer206@gmail.com,+918699805002,2024-11-13,Pune,False
207,Tanya Patel,tanya.patel207@gmail.com,+919192509020,2024-04-26,Hyderabad,False
208,Tanya Shah,tanya.shah208@outlook.com,+919772156452,2024-05-31,Delhi,True
209,Myra Patel,myra.patel209@yahoo.com,+919815389788,2024-03-18,Mumbai,False
210,Ankita Bhat,ankita.bhat210@hotmail.com,+919925445989,2024-11-26,Jaipur,False
211,Ishaan Bhat,ishaan.bhat211@gmail.com,+919014000727,2025-03-28,Chennai,False
212,Nisha Verma,nisha.verma212@outlook.com,+919178995337,2024-03-16,Delhi,False
213,Vihaan Shah,vihaan.shah213@outlook.com,+917329557138,2024-04-02,Chennai,False
214,Simran Banerjee,simran.banerjee214@gmail.com,+918931591531,2024-07-11,Delhi,False
215,Ishaan Verma,ishaan.verma215@hotmail.com,+917444537179,2024-12-17,Ahmedabad,True
216,Divya Patel,divya.patel216@gmail.com,+918064051191,2025-03-24,Ahmedabad,False
217,Pallavi Patel,pallavi.patel217@outlook.com,+918601387070,2024-10-16,Bangalore,False
218,Shruti Das,shruti.das218@gmail.com,+919709637214,2024-12-08,Mumbai,True
219,Shruti Iyer,shruti.iyer219@outlook.com,+918082313657,2024-06-02,Delhi,False
220,Ishaan Yadav,ishaan.yadav220@outlook.com,+918332435144,2025-02-05,Mumbai,False
221,Sai Rao,sai.rao221@hotmail.com,+919763782498,2024-12-02,Kolkata,False
222,Megha Agarwal,megha.agarwal222@gmail.com,+919774655465,2025-03-09,Hyderabad,True
223,Priya Patel,priya.patel223@yahoo.com,+918467729242,2025-05-12,Delhi,False
224,Ishaan Gupta,ishaan.gupta224@outlook.com,+917434396266,2025-06-03,Kolkata,False
225,Swati Verma,swati.verma225@outlook.com,+919654424954,2024-05-14,Chennai,False
226,Diya Saxena,diya.saxena226@yahoo.com,+918879792991,2024-02-14,Bangalore,False
227,Aadhya Bhat,aadhya.bhat227@outlook.com,+918928130926,2024-08-27,Hyderabad,False
228,Deepak Chauhan,deepak.chauhan228@yahoo.com,+918579864877,2025-03-27,Bangalore,False
229,Rohit Malhotra,rohit.malhotra229@hotmail.com,+917696034559,2024-07-23,Kolkata,True
230,Ira Verma,ira.verma230@hotmail.com,+918594343845,2024-04-15,Pune,False
231,Ayaan Rao,ayaan.rao231@gmail.com,+917688536251,2024-10-06,Bangalore,False
232,Meera Gupta,meera.gupta232@yahoo.com,+918937579958,2024-12-23,Lucknow,False
233,Sneha Malhotra,sneha.malhotra233@outlook.com,+918012659111,2025-01-30,Ahmedabad,False
234,Vivaan Mehta,vivaan.mehta234@gmail.com,+919791559885,2024-12-09,Kolkata,True
235,Riya Yadav,riya.yadav235@hotmail.com,+919989606411,2024-05-22,Pune,False
236,Pallavi Sharma,pallavi.sharma236@gmail.com,+917081621076,2024-09-19,Delhi,True
237,Varun Das,varun.das237@hotmail.com,+917477543926,2024-10-22,Delhi,True
238,Aadhya Menon,aadhya.menon238@hotmail.com,+917269754673,2024-04-23,Jaipur,False
239,Rajesh Sharma,rajesh.sharma239@yahoo.com,+917616657849,2024-10-25,Bangalore,False
240,Aadhya Banerjee,aadhya.banerjee240@hotmail.com,+917804507108,2024-03-28,Hyderabad,False
241,Swati Kapoor,swati.kapoor241@gmail.com,+918676986013,2025-04-26,Mumbai,False
242,Pooja Joshi,pooja.joshi242@gmail.com,+918533706498,2024-03-10,Bangalore,False
243,Gaurav Singh,gaurav.singh243@outlook.com,+917572989855,2024-02-15,Bangalore,False
244,Divya Patel,divya.patel244@hotmail.com,+919986674107,2025-05-05,Chennai,False
245,Arjun Tiwari,arjun.tiwari245@hotmail.com,+917158844179,2024-10-27,Delhi,False
246,Aditya Mehta,aditya.mehta246@outlook.com,+919213555655,2025-02-11,Ahmedabad,False
247,Ira Verma,ira.verma247@yahoo.com,+918228836941,2024-12-31,Jaipur,True
248,Divya Mehta,divya.mehta248@outlook.com,+917534616074,2025-01-11,Bangalore,False
249,Karan Chauhan,karan.chauhan249@hotmail.com,+918456151216,2024-07-10,Hyderabad,False
250,Swati Joshi,swati.joshi250@gmail.com,+918823212172,2024-03-21,Bangalore,False
251,Diya Kapoor,diya.kapoor251@outlook.com,+918379592595,2024-04-15,Mumbai,False
252,Priya Bhat,priya.bhat252@hotmail.com,+917715733827,2025-03-30,Bangalore,True
253,Neha Das,neha.das253@hotmail.com,+918179206294,2024-02-28,Mumbai,False
254,Pooja Malhotra,pooja.malhotra254@yahoo.com,+917133747952,2024-05-26,Jaipur,False
255,Karan Verma,karan.verma255@yahoo.com,+917288765093,2024-08-29,Kolkata,False
256,Rohit Banerjee,rohit.banerjee256@gmail.com,+919598862507,2024-06-06,Chennai,False
257,Pooja Bhat,pooja.bhat257@gmail.com,+919464975279,2024-05-20,Hyderabad,False
258,Divya Joshi,divya.joshi258@yahoo.com,+917487258103,2024-01-27,Pune,False
259,Rohit Yadav,rohit.yadav259@gmail.com,+918124322241,2024-09-23,Pune,False
260,Pallavi Rao,pallavi.rao260@hotmail.com,+917859759428,2024-05-05,Mumbai,True
261,Diya Chauhan,diya.chauhan261@hotmail.com,+917377058351,2024-11-23,Chennai,False
262,Kavita Kapoor,kavita.kapoor262@outlook.com,+918288304114,2024-06-10,Pune,False
263,Gaurav Patel,gaurav.patel263@outlook.com,+919185089287,2024-08-17,Mumbai,False
264,Krishna Nair,krishna.nair264@hotmail.com,+917112889043,2025-01-04,Hyderabad,False
265,Kavita Kumar,kavita.kumar265@gmail.com,+917282385977,2024-11-12,Bangalore,False
266,Deepak Malhotra,deepak.malhotra266@hotmail.com,+918758503592,2024-03-16,Mumbai,False
267,Arjun Bhat,arjun.bhat267@hotmail.com,+919921045865,2025-06-13,Bangalore,False
268,Tanya Kapoor,tanya.kapoor268@yahoo.com,+917554192345,2025-03-19,Hyderabad,False
269,Ayaan Malhotra,ayaan.malhotra269@yahoo.com,+918306204982,2024-06-17,Mumbai,False
270,Aanya Shah,aanya.shah270@outlook.com,+917338700713,2024-09-13,Delhi,False
271,Kiara Kumar,kiara.kumar271@outlook.com,+919638949369,2025-06-30,Mumbai,False
272,Nisha Banerjee,nisha.banerjee272@yahoo.com,+917735301069,2024-12-11,Jaipur,False
273,Vivaan Gupta,vivaan.gupta273@gmail.com,+919755022797,2024-09-28,Chennai,False
274,Vikram Das,vikram.das274@gmail.com,+919139057162,2024-10-23,Chennai,False
275,Aadhya Dubey,aadhya.dubey275@hotmail.com,+918277468755,2025-04-09,Mumbai,True
276,Karan Menon,karan.menon276@hotmail.com,+918994763896,2024-07-27,Bangalore,True
277,Ritika Mehta,ritika.mehta277@outlook.com,+918712474804,2024-05-13,Kolkata,False
278,Reyansh Mehta,reyansh.mehta278@yahoo.com,+919003484425,2024-05-05,Delhi,False
279,Reyansh Verma,reyansh.verma279@outlook.com,+918649910946,2025-03-04,Delhi,False
280,Ananya Saxena,ananya.saxena280@outlook.com,+919481146933,2024-11-16,Delhi,False
281,Manish Bhat,manish.bhat281@hotmail.com,+918325171272,2025-05-24,Mumbai,False
282,Manish Bhat,manish.bhat282@yahoo.com,+917924038246,2024-12-27,Mumbai,False
283,Harish Chauhan,harish.chauhan283@hotmail.com,+918227279967,2024-01-09,Jaipur,False
284,Ira Mishra,ira.mishra284@outlook.com,+918731963069,2025-01-09,Mumbai,True
285,Kavita Reddy,kavita.reddy285@outlook.com,+919376074389,2024-10-22,Mumbai,False
286,Akash Kapoor,akash.kapoor286@outlook.com,+919676802207,2024-05-01,Mumbai,True
287,Pooja Dubey,pooja.dubey287@outlook.com,+919395869480,2025-01-09,Pune,False
288,Manish Iyer,manish.iyer288@gmail.com,+917194576436,2024-02-09,Mumbai,False
289,Deepak Malhotra,deepak.malhotra289@hotmail.com,+917639695273,2025-06-11,Mumbai,False
290,Rahul Patel,rahul.patel290@hotmail.com,+919647849438,2024-11-02,Chennai,False
291,Manish Kapoor,manish.kapoor291@hotmail.com,+919417741295,2024-11-02,Bangalore,True
292,Amit Agarwal,amit.agarwal292@gmail.com,+918789026838,2024-11-11,Kolkata,False
293,Pankaj Mukherjee,pankaj.mukherjee293@gmail.com,+919563707272,2025-04-30,Delhi,False
294,Tanya Banerjee,tanya.banerjee294@yahoo.com,+917220568746,2025-05-06,Mumbai,False
295,Pallavi Pandey,pallavi.pandey295@hotmail.com,+917634691836,2024-09-05,Mumbai,False
296,Ayaan Reddy,ayaan.reddy296@gmail.com,+918894246230,2024-11-17,Bangalore,False
297,Sara Menon,sara.menon297@hotmail.com,+917267496095,2024-05-21,Hyderabad,False
298,Nikhil Chopra,nikhil.chopra298@hotmail.com,+918347557120,2024-06-26,Bangalore,False
299,Rajesh Shah,rajesh.shah299@outlook.com,+919620258967,2025-05-10,Delhi,False
300,Kavita Rao,kavita.rao300@yahoo.com,+918278244804,2024-10-22,Pune,False
301,Ankita Mehta,ankita.mehta301@hotmail.com,+918498098234,2024-10-07,Delhi,False
302,Rajesh Iyer,rajesh.iyer302@hotmail.com,+918482342139,2024-05-29,Delhi,False
303,Ritika Gupta,ritika.gupta303@outlook.com,+918899990924,2024-09-19,Pune,False
304,Rajesh Joshi,rajesh.joshi304@outlook.com,+917589582865,2024-04-21,Chennai,False
305,Aadhya Verma,aadhya.verma305@yahoo.com,+919739951076,2024-08-26,Mumbai,False
306,Ritika Chopra,ritika.chopra306@gmail.com,+919925697292,2024-05-20,Mumbai,False
307,Ananya Menon,ananya.menon307@hotmail.com,+919050625761,2024-07-23,Pune,False
308,Riya Mukherjee,riya.mukherjee308@gmail.com,+917384230848,2024-08-25,Hyderabad,False
309,Aditya Yadav,aditya.yadav309@yahoo.com,+918794802316,2024-06-29,Lucknow,True
310,Sneha Dubey,sneha.dubey310@hotmail.com,+917800202342,2024-10-23,Jaipur,True
311,Suresh Das,suresh.das311@gmail.com,+918438994940,2024-10-18,Bangalore,False
312,Swati Chopra,swati.chopra312@yahoo.com,+919165576952,2025-04-24,Delhi,False
313,Amit Patel,amit.patel313@hotmail.com,+919784364341,2024-09-20,Pune,True
314,Amit Dubey,amit.dubey314@outlook.com,+919438601776,2024-07-16,Mumbai,False
315,Sneha Saxena,sneha.saxena315@hotmail.com,+919213113588,2024-12-01,Mumbai,False
316,Diya Kumar,diya.kumar316@hotmail.com,+918389858576,2024-09-11,Mumbai,False
317,Karan Pandey,karan.pandey317@outlook.com,+918415729895,2024-11-05,Hyderabad,False
318,Ira Mukherjee,ira.mukherjee318@outlook.com,+919975418439,2024-08-29,Mumbai,True
319,Priya Patel,priya.patel319@hotmail.com,+919946663769,2025-05-29,Lucknow,False
320,Tanya Rao,tanya.rao320@gmail.com,+919743244243,2024-10-29,Bangalore,False
321,Krishna Chopra,krishna.chopra321@yahoo.com,+918954118497,2025-01-17,Bangalore,False
322,Deepak Pandey,deepak.pandey322@yahoo.com,+918062855922,2024-03-24,Hyderabad,False
323,Pooja Gupta,pooja.gupta323@gmail.com,+917265248799,2025-06-01,Delhi,False
324,Ananya Mehta,ananya.mehta324@hotmail.com,+917499247083,2024-07-29,Pune,False
325,Manish Bhat,manish.bhat325@gmail.com,+918947476917,2024-05-15,Hyderabad,False
326,Vihaan Kapoor,vihaan.kapoor326@hotmail.com,+919889515311,2024-11-11,Pune,False
327,Aarav Mishra,aarav.mishra327@yahoo.com,+919483827971,2024-03-15,Mumbai,False
328,Arjun Kapoor,arjun.kapoor328@gmail.com,+917296434961,2025-04-28,Mumbai,False
329,Tanya Kumar,tanya.kumar329@hotmail.com,+918608297407,2025-01-26,Bangalore,False
330,Rohit Iyer,rohit.iyer330@gmail.com,+919932304514,2024-05-16,Chennai,False
331,Diya Kapoor,diya.kapoor331@hotmail.com,+919271361431,2024-05-10,Pune,False
332,Aarav Pandey,aarav.pandey332@gmail.com,+918281459294,2025-04-19,Chennai,False
333,Rajesh Iyer,rajesh.iyer333@yahoo.com,+918063056115,2025-04-16,Bangalore,False
334,Varun Pandey,varun.pandey334@gmail.com,+917138372291,2025-03-05,Chennai,False
335,Vivaan Nair,vivaan.nair335@yahoo.com,+917289012242,2024-04-13,Chennai,False
336,Shruti Tiwari,shruti.tiwari336@gmail.com,+918051125170,2024-02-15,Bangalore,False
337,Sara Pandey,sara.pandey337@gmail.com,+917601877719,2025-05-30,Ahmedabad,False
338,Varun Banerjee,varun.banerjee338@outlook.com,+919480235438,2024-11-24,Delhi,False
339,Nikhil Malhotra,nikhil.malhotra339@yahoo.com,+918776227561,2024-11-03,Delhi,False
340,Nisha Chauhan,nisha.chauhan340@yahoo.com,+919688620050,2025-03-13,Hyderabad,True
341,Neha Mukherjee,neha.mukherjee341@hotmail.com,+919252551683,2024-11-22,Pune,False
342,Priya Iyer,priya.iyer342@yahoo.com,+919310384304,2025-04-29,Delhi,False
343,Ritika Kumar,ritika.kumar343@hotmail.com,+917247492925,2025-02-26,Ahmedabad,False
344,Krishna Iyer,krishna.iyer344@yahoo.com,+918095197958,2024-07-27,Delhi,True
345,Karan Srivastava,karan.srivastava345@outlook.com,+917397129827,2024-07-14,Mumbai,False
346,Harish Das,harish.das346@gmail.com,+917312606333,2024-07-11,Kolkata,False
347,Nikhil Kapoor,nikhil.kapoor347@yahoo.com,+919058982440,2024-08-01,Jaipur,False
348,Aarav Reddy,aarav.reddy348@yahoo.com,+917503869216,2025-05-05,Lucknow,False
349,Ritika Reddy,ritika.reddy349@hotmail.com,+918027918636,2024-11-25,Kolkata,False
350,Rajesh Mukherjee,rajesh.mukherjee350@outlook.com,+918324663629,2024-09-24,Bangalore,False
351,Simran Singh,simran.singh351@hotmail.com,+918375391482,2024-07-27,Bangalore,False
352,Suresh Srivastava,suresh.srivastava352@yahoo.com,+917626733282,2024-01-17,Delhi,False
353,Nisha Mishra,nisha.mishra353@hotmail.com,+918267841227,2024-06-05,Delhi,False
354,Suresh Saxena,suresh.saxena354@yahoo.com,+919144483523,2024-12-11,Delhi,False
355,Varun Mukherjee,varun.mukherjee355@hotmail.com,+918979245480,2024-06-21,Pune,False
356,Krishna Mishra,krishna.mishra356@hotmail.com,+917790479137,2024-03-01,Hyderabad,False
357,Arjun Saxena,arjun.saxena357@gmail.com,+917027418321,2025-02-26,Mumbai,False
358,Arjun Tiwari,arjun.tiwari358@yahoo.com,+917039262289,2024-08-11,Hyderabad,False
359,Pallavi Mukherjee,pallavi.mukherjee359@hotmail.com,+919831604672,2025-05-14,Mumbai,False
360,Vikram Sharma,vikram.sharma360@gmail.com,+919273831457,2024-10-08,Hyderabad,False
361,Manish Saxena,manish.saxena361@hotmail.com,+917769945233,2024-04-19,Lucknow,False
362,Aadhya Reddy,aadhya.reddy362@outlook.com,+918522312933,2024-09-30,Kolkata,True
363,Sneha Bhat,sneha.bhat363@yahoo.com,+919994607170,2024-08-19,Delhi,False
364,Sai Mukherjee,sai.mukherjee364@gmail.com,+917401581601,2025-02-19,Bangalore,False
365,Vihaan Mukherjee,vihaan.mukherjee365@gmail.com,+917736086849,2024-03-25,Hyderabad,False
366,Amit Banerjee,amit.banerjee366@gmail.com,+919268426402,2024-02-13,Delhi,False
367,Pankaj Chauhan,pankaj.chauhan367@hotmail.com,+918164344392,2024-02-17,Lucknow,False
368,Kiara Chauhan,kiara.chauhan368@gmail.com,+917770321709,2024-11-18,Mumbai,False
369,Ishaan Pandey,ishaan.pandey369@hotmail.com,+917330444012,2024-11-02,Mumbai,False
370,Rohit Agarwal,rohit.agarwal370@outlook.com,+918648606935,2024-05-23,Kolkata,False
371,Sai Malhotra,sai.malhotra371@outlook.com,+917230624431,2024-04-10,Bangalore,False
372,Amit Das,amit.das372@hotmail.com,+918401777036,2024-01-31,Chennai,False
373,Karan Chopra,karan.chopra373@yahoo.com,+918528197464,2025-01-19,Bangalore,False
374,Nikhil Iyer,nikhil.iyer374@gmail.com,+919656935034,2024-10-29,Kolkata,False
375,Sai Joshi,sai.joshi375@yahoo.com,+918632087531,2024-06-06,Pune,False
376,Reyansh Gupta,reyansh.gupta376@gmail.com,+918323998648,2025-03-31,Bangalore,False
377,Krishna Gupta,krishna.gupta377@yahoo.com,+918851042925,2025-04-04,Hyderabad,False
378,Reyansh Sharma,reyansh.sharma378@gmail.com,+918520050282,2024-04-05,Chennai,False
379,Rohit Sharma,rohit.sharma379@outlook.com,+918777300707,2025-02-01,Kolkata,False
380,Kavita Chauhan,kavita.chauhan380@yahoo.com,+919456551333,2025-06-17,Mumbai,False
381,Krishna Joshi,krishna.joshi381@outlook.com,+918152798401,2025-05-19,Mumbai,False
382,Kiara Menon,kiara.menon382@outlook.com,+919079757650,2024-03-19,Bangalore,False
383,Varun Mukherjee,varun.mukherjee383@hotmail.com,+919550379054,2024-07-19,Bangalore,True
384,Aarav Iyer,aarav.iyer384@outlook.com,+919663705160,2025-01-24,Kolkata,False
385,Amit Menon,amit.menon385@yahoo.com,+918290359719,2024-11-24,Chennai,False
386,Deepak Mehta,deepak.mehta386@yahoo.com,+918710425977,2024-11-22,Delhi,False
387,Ankita Banerjee,ankita.banerjee387@yahoo.com,+918399670743,2025-01-20,Delhi,False
388,Pooja Singh,pooja.singh388@yahoo.com,+919543595727,2024-07-03,Pune,False
389,Varun Bhat,varun.bhat389@yahoo.com,+918883149695,2024-10-25,Jaipur,True
390,Vikram Agarwal,vikram.agarwal390@hotmail.com,+917597769760,2024-11-06,Delhi,False
391,Ritika Menon,ritika.menon391@hotmail.com,+917317677825,2025-04-04,Ahmedabad,False
392,Sneha Kapoor,sneha.kapoor392@hotmail.com,+919334938378,2024-02-07,Kolkata,False
393,Rajesh Das,rajesh.das393@gmail.com,+917469738105,2024-09-11,Chennai,False
394,Divya Das,divya.das394@gmail.com,+919419012709,2025-02-13,Ahmedabad,False
395,Meera Singh,meera.singh395@gmail.com,+917423511939,2024-09-21,Delhi,False
396,Kavita Banerjee,kavita.banerjee396@yahoo.com,+918914604319,2025-01-18,Bangalore,False
397,Nisha Tiwari,nisha.tiwari397@yahoo.com,+918481623643,2024-01-26,Bangalore,False
398,Sai Singh,sai.singh398@yahoo.com,+918496060167,2024-11-15,Bangalore,False
399,Swati Chopra,swati.chopra399@outlook.com,+919045102506,2024-04-09,Bangalore,False
400,Rahul Gupta,rahul.gupta400@outlook.com,+917191912243,2024-04-27,Mumbai,False
401,Reyansh Agarwal,reyansh.agarwal401@yahoo.com,+918047598131,2025-06-12,Mumbai,False
402,Kavita Menon,kavita.menon402@hotmail.com,+917995811976,2025-02-18,Chennai,False
403,Nikhil Menon,nikhil.menon403@hotmail.com,+917125379850,2024-07-21,Bangalore,False
404,Aarav Tiwari,aarav.tiwari404@yahoo.com,+917883837629,2024-10-12,Pune,False
405,Arjun Banerjee,arjun.banerjee405@gmail.com,+919305920746,2024-07-10,Bangalore,False
406,Ayaan Joshi,ayaan.joshi406@hotmail.com,+919266518721,2024-11-16,Chennai,False
407,Nisha Singh,nisha.singh407@outlook.com,+918511763726,2025-04-13,Chennai,False
408,Ritika Dubey,ritika.dubey408@outlook.com,+919639190897,2024-03-27,Chennai,False
409,Aadhya Rao,aadhya.rao409@gmail.com,+917786170238,2025-01-17,Pune,False
410,Vikram Das,vikram.das410@yahoo.com,+919468773157,2025-01-27,Bangalore,False
411,Rajesh Tiwari,rajesh.tiwari411@yahoo.com,+919383331379,2024-06-19,Bangalore,True
412,Rahul Saxena,rahul.saxena412@hotmail.com,+919660345628,2024-02-24,Jaipur,False
413,Ankita Kumar,ankita.kumar413@yahoo.com,+918649027664,2025-06-01,Chennai,False
414,Ankita Menon,ankita.menon414@hotmail.com,+919098948446,2024-06-20,Mumbai,True
415,Akash Nair,akash.nair415@outlook.com,+917140424329,2024-10-08,Delhi,False
416,Tanya Bhat,tanya.bhat416@hotmail.com,+919361055973,2025-06-07,Mumbai,True
417,Tanya Kapoor,tanya.kapoor417@outlook.com,+919328058564,2024-02-12,Kolkata,False
418,Sara Menon,sara.menon418@gmail.com,+919807498587,2024-09-10,Delhi,False
419,Karan Joshi,karan.joshi419@outlook.com,+917373589152,2025-03-25,Jaipur,True
420,Aadhya Reddy,aadhya.reddy420@outlook.com,+919621054475,2025-03-14,Mumbai,True
421,Sara Saxena,sara.saxena421@yahoo.com,+917254939955,2024-12-25,Hyderabad,False
422,Ananya Mehta,ananya.mehta422@outlook.com,+918242676804,2024-09-30,Ahmedabad,False
423,Shruti Saxena,shruti.saxena423@gmail.com,+917582349911,2025-02-25,Lucknow,False
424,Divya Kumar,divya.kumar424@yahoo.com,+918072355594,2024-05-29,Pune,False
425,Akash Saxena,akash.saxena425@hotmail.com,+919102209245,2024-05-25,Hyderabad,False
426,Vikram Iyer,vikram.iyer426@hotmail.com,+917324339920,2024-04-05,Bangalore,False
427,Pankaj Yadav,pankaj.yadav427@outlook.com,+918952902914,2025-05-14,Delhi,True
428,Tanya Srivastava,tanya.srivastava428@gmail.com,+918969024554,2025-01-01,Jaipur,False
429,Sneha Reddy,sneha.reddy429@hotmail.com,+917909895115,2025-05-21,Delhi,False
430,Amit Kapoor,amit.kapoor430@yahoo.com,+919431561831,2025-05-11,Kolkata,False
431,Akash Verma,akash.verma431@gmail.com,+917427670241,2025-04-15,Mumbai,False
432,Ananya Bhat,ananya.bhat432@hotmail.com,+917002903074,2025-03-14,Delhi,False
433,Krishna Chauhan,krishna.chauhan433@outlook.com,+917682802977,2024-10-07,Mumbai,False
434,Sai Shah,sai.shah434@yahoo.com,+917222424647,2025-02-09,Chennai,False
435,Akash Nair,akash.nair435@hotmail.com,+919815287619,2024-04-03,Pune,True
436,Deepak Gupta,deepak.gupta436@yahoo.com,+919549834042,2024-08-19,Hyderabad,False
437,Aarav Tiwari,aarav.tiwari437@outlook.com,+917517946362,2025-03-08,Pune,False
438,Aanya Iyer,aanya.iyer438@gmail.com,+917439921366,2024-04-15,Delhi,False
439,Krishna Iyer,krishna.iyer439@yahoo.com,+919755548556,2024-05-26,Mumbai,False
440,Pallavi Mukherjee,pallavi.mukherjee440@yahoo.com,+918890212621,2024-12-25,Pune,False
441,Ishaan Yadav,ishaan.yadav441@hotmail.com,+919646026315,2025-03-29,Jaipur,True
442,Reyansh Kumar,reyansh.kumar442@gmail.com,+919532200677,2025-01-28,Bangalore,False
443,Krishna Nair,krishna.nair443@outlook.com,+919768624284,2024-03-27,Delhi,False
444,Varun Das,varun.das444@outlook.com,+919965572185,2024-01-28,Jaipur,False
445,Priya Reddy,priya.reddy445@yahoo.com,+918682557807,2024-10-29,Chennai,False
446,Aadhya Chopra,aadhya.chopra446@hotmail.com,+917484230338,2024-09-03,Hyderabad,False
447,Swati Chauhan,swati.chauhan447@gmail.com,+918550904983,2024-11-20,Mumbai,False
448,Suresh Menon,suresh.menon448@outlook.com,+919346582107,2024-06-25,Kolkata,False
449,Tanya Gupta,tanya.gupta449@gmail.com,+919522707023,2024-03-10,Mumbai,False
450,Vihaan Dubey,vihaan.dubey450@hotmail.com,+919175875968,2024-10-20,Chennai,False
451,Vikram Menon,vikram.menon451@hotmail.com,+917354024760,2024-06-05,Delhi,False
452,Manish Yadav,manish.yadav452@yahoo.com,+917667339697,2024-11-30,Bangalore,False
453,Divya Agarwal,divya.agarwal453@gmail.com,+918332167822,2025-03-23,Pune,False
454,Vihaan Nair,vihaan.nair454@gmail.com,+918866092821,2024-04-28,Bangalore,False
455,Priya Agarwal,priya.agarwal455@yahoo.com,+917513003815,2024-01-13,Pune,False
456,Ananya Chopra,ananya.chopra456@outlook.com,+919246290917,2025-06-13,Kolkata,False
457,Ananya Shah,ananya.shah457@yahoo.com,+918154334685,2024-04-30,Kolkata,True
458,Meera Joshi,meera.joshi458@gmail.com,+918129360134,2024-03-19,Hyderabad,False
459,Vihaan Chopra,vihaan.chopra459@yahoo.com,+918579206999,2024-06-10,Delhi,True
460,Suresh Agarwal,suresh.agarwal460@gmail.com,+917980989514,2025-06-05,Mumbai,False
461,Aarav Nair,aarav.nair461@gmail.com,+919026213491,2025-01-07,Bangalore,False
462,Aditya Kapoor,aditya.kapoor462@hotmail.com,+917964285941,2024-11-25,Delhi,False
463,Rahul Joshi,rahul.joshi463@gmail.com,+919454728281,2025-01-16,Mumbai,False
464,Vihaan Patel,vihaan.patel464@yahoo.com,+919215233002,2024-02-17,Ahmedabad,True
465,Simran Srivastava,simran.srivastava465@outlook.com,+918334436786,2024-12-01,Mumbai,False
466,Pooja Reddy,pooja.reddy466@outlook.com,+919421531503,2024-11-07,Pune,False
467,Pooja Banerjee,pooja.banerjee467@hotmail.com,+917839332926,2024-09-08,Mumbai,False
468,Vivaan Nair,vivaan.nair468@outlook.com,+919731349392,2024-01-10,Ahmedabad,True
469,Nikhil Iyer,nikhil.iyer469@outlook.com,+917446457642,2024-07-29,Hyderabad,False
470,Ankita Verma,ankita.verma470@yahoo.com,+918201840395,2024-04-05,Mumbai,False
471,Swati Menon,swati.menon471@outlook.com,+918969062219,2024-03-27,Hyderabad,False
472,Gaurav Saxena,gaurav.saxena472@hotmail.com,+917321394470,2024-03-04,Bangalore,False
473,Aadhya Rao,aadhya.rao473@outlook.com,+918352952965,2025-02-06,Pune,False
474,Rahul Bhat,rahul.bhat474@outlook.com,+918003352579,2024-03-17,Lucknow,True
475,Tanya Banerjee,tanya.banerjee475@gmail.com,+917667483244,2024-04-18,Mumbai,False
476,Vikram Singh,vikram.singh476@outlook.com,+917891790792,2025-04-07,Delhi,False
477,Ayaan Gupta,ayaan.gupta477@yahoo.com,+919946583125,2024-11-07,Kolkata,False
478,Aditya Reddy,aditya.reddy478@outlook.com,+917637045876,2024-04-03,Pune,False
479,Sneha Malhotra,sneha.malhotra479@gmail.com,+919908480456,2024-11-02,Delhi,False
480,Vivaan Iyer,vivaan.iyer480@hotmail.com,+919387803202,2024-09-12,Mumbai,True
481,Krishna Singh,krishna.singh481@gmail.com,+917264867118,2024-08-15,Mumbai,False
482,Pooja Agarwal,pooja.agarwal482@gmail.com,+919501061666,2024-09-22,Lucknow,True
483,Arjun Reddy,arjun.reddy483@hotmail.com,+917553155490,2024-04-04,Lucknow,False
484,Amit Singh,amit.singh484@gmail.com,+918979958124,2024-02-21,Mumbai,False
485,Varun Iyer,varun.iyer485@hotmail.com,+917126625486,2025-01-26,Pune,False
486,Sara Yadav,sara.yadav486@yahoo.com,+918181037719,2024-10-13,Bangalore,True
487,Pallavi Das,pallavi.das487@yahoo.com,+919780039555,2024-10-29,Hyderabad,False
488,Deepak Verma,deepak.verma488@gmail.com,+918201628712,2025-01-27,Mumbai,False
489,Swati Nair,swati.nair489@gmail.com,+918642816742,2025-01-02,Bangalore,False
490,Neha Yadav,neha.yadav490@outlook.com,+918668084889,2024-10-03,Mumbai,False
491,Aanya Sharma,aanya.sharma491@outlook.com,+917251647421,2025-04-28,Hyderabad,False
492,Aanya Patel,aanya.patel492@gmail.com,+918064537936,2024-09-03,Delhi,False
493,Megha Verma,megha.verma493@yahoo.com,+919472578783,2025-02-01,Bangalore,False
494,Diya Patel,diya.patel494@yahoo.com,+919544851934,2024-11-21,Kolkata,False
495,Nisha Sharma,nisha.sharma495@outlook.com,+919438044056,2024-05-25,Hyderabad,False
496,Ankita Kapoor,ankita.kapoor496@outlook.com,+917754010571,2025-05-17,Mumbai,True
497,Harish Nair,harish.nair497@gmail.com,+919261079164,2025-05-04,Mumbai,False
498,Myra Dubey,myra.dubey498@yahoo.com,+918463548951,2024-06-30,Lucknow,False
499,Rahul Verma,rahul.verma499@gmail.com,+917634418273,2024-05-25,Kolkata,False
500,Pooja Gupta,pooja.gupta500@outlook.com,+919843867732,2025-02-09,Hyderabad,False
501,Rahul Kumar,rahul.kumar501@yahoo.com,+918876335418,2025-05-13,Chennai,False
502,Kavita Tiwari,kavita.tiwari502@outlook.com,+917958796521,2024-06-28,Bangalore,False
503,Riya Kumar,riya.kumar503@yahoo.com,+917007721941,2025-02-04,Jaipur,False
504,Suresh Verma,suresh.verma504@yahoo.com,+919587239638,2024-11-21,Lucknow,False
505,Aanya Mukherjee,aanya.mukherjee505@gmail.com,+919131098613,2024-05-24,Delhi,True
506,Neha Mehta,neha.mehta506@yahoo.com,+919732401365,2024-03-31,Kolkata,False
507,Varun Chauhan,varun.chauhan507@outlook.com,+918918260963,2024-01-12,Delhi,False
508,Arjun Shah,arjun.shah508@outlook.com,+917464005062,2024-01-02,Mumbai,False
509,Vikram Patel,vikram.patel509@hotmail.com,+919117771015,2025-01-22,Bangalore,False
510,Deepak Dubey,deepak.dubey510@yahoo.com,+917698604397,2025-04-07,Mumbai,False
511,Riya Sharma,riya.sharma511@outlook.com,+918121534958,2024-04-17,Mumbai,False
512,Rohit Patel,rohit.patel512@gmail.com,+919349545786,2024-04-05,Delhi,False
513,Deepak Tiwari,deepak.tiwari513@gmail.com,+918852519609,2024-06-17,Chennai,False
514,Vihaan Singh,vihaan.singh514@outlook.com,+917882832553,2024-07-13,Bangalore,False
515,Varun Kapoor,varun.kapoor515@outlook.com,+919837246354,2024-10-15,Delhi,True
516,Sneha Banerjee,sneha.banerjee516@hotmail.com,+917659663750,2024-02-25,Bangalore,False
517,Riya Saxena,riya.saxena517@hotmail.com,+917857596764,2024-04-09,Mumbai,False
518,Riya Gupta,riya.gupta518@hotmail.com,+917496107065,2024-11-11,Kolkata,False
519,Nikhil Joshi,nikhil.joshi519@gmail.com,+919756795104,2025-01-31,Delhi,False
520,Pooja Patel,pooja.patel520@hotmail.com,+917191628232,2024-09-26,Bangalore,False
521,Kiara Banerjee,kiara.banerjee521@gmail.com,+917649101302,2024-04-09,Mumbai,False
522,Rajesh Menon,rajesh.menon522@yahoo.com,+919377702111,2024-03-03,Jaipur,False
523,Vikram Kapoor,vikram.kapoor523@hotmail.com,+919459789133,2024-08-29,Bangalore,True
524,Ritika Verma,ritika.verma524@yahoo.com,+917516606697,2025-04-04,Mumbai,False
525,Sara Dubey,sara.dubey525@yahoo.com,+917541964762,2024-02-13,Bangalore,False
526,Meera Reddy,meera.reddy526@yahoo.com,+919555710238,2024-09-21,Delhi,False
527,Arjun Gupta,arjun.gupta527@hotmail.com,+919389566051,2025-02-10,Hyderabad,False
528,Swati Bhat,swati.bhat528@gmail.com,+919676013419,2025-06-19,Kolkata,True
529,Ishaan Kumar,ishaan.kumar529@gmail.com,+917453698094,2024-04-13,Kolkata,False
530,Neha Chauhan,neha.chauhan530@hotmail.com,+918134458188,2025-01-27,Chennai,False
531,Deepak Verma,deepak.verma531@yahoo.com,+918182894728,2025-02-16,Mumbai,False
532,Pankaj Iyer,pankaj.iyer532@gmail.com,+918699916883,2024-12-05,Pune,True
533,Deepak Yadav,deepak.yadav533@outlook.com,+918599620611,2024-01-21,Delhi,False
534,Priya Joshi,priya.joshi534@hotmail.com,+919990082548,2024-04-10,Ahmedabad,False
535,Priya Mishra,priya.mishra535@hotmail.com,+918378118917,2024-10-02,Pune,False
536,Sai Reddy,sai.reddy536@hotmail.com,+917907915284,2025-02-20,Pune,False
537,Pooja Saxena,pooja.saxena537@gmail.com,+919213066496,2024-06-11,Mumbai,False
538,Sneha Kumar,sneha.kumar538@gmail.com,+917746196273,2024-07-16,Jaipur,False
539,Vihaan Nair,vihaan.nair539@gmail.com,+918960432117,2024-02-21,Lucknow,False
540,Kiara Shah,kiara.shah540@hotmail.com,+919169501271,2025-02-10,Chennai,True
541,Vivaan Nair,vivaan.nair541@outlook.com,+919099323053,2025-04-01,Mumbai,False
542,Nisha Kapoor,nisha.kapoor542@outlook.com,+918478538226,2024-06-16,Jaipur,False
543,Pankaj Gupta,pankaj.gupta543@outlook.com,+917117898946,2025-01-30,Mumbai,False
544,Tanya Reddy,tanya.reddy544@yahoo.com,+919780475472,2024-08-18,Chennai,False
545,Vikram Malhotra,vikram.malhotra545@gmail.com,+919930025537,2024-01-10,Bangalore,True
546,Diya Das,diya.das546@gmail.com,+917961084962,2024-09-15,Chennai,False
547,Ritika Tiwari,ritika.tiwari547@outlook.com,+918820236332,2025-01-20,Jaipur,False
548,Sara Bhat,sara.bhat548@outlook.com,+919908535332,2025-06-17,Kolkata,False
549,Reyansh Sharma,reyansh.sharma549@outlook.com,+919411439945,2024-10-16,Delhi,True
550,Arjun Mehta,arjun.mehta550@outlook.com,+919751333497,2024-11-28,Jaipur,False
551,Ritika Chauhan,ritika.chauhan551@outlook.com,+917809000407,2024-06-02,Hyderabad,False
552,Vihaan Dubey,vihaan.dubey552@hotmail.com,+919836956156,2024-11-23,Pune,False
553,Divya Chopra,divya.chopra553@outlook.com,+918114227340,2025-03-04,Bangalore,False
554,Nisha Tiwari,nisha.tiwari554@yahoo.com,+918473891248,2024-08-15,Pune,False
555,Deepak Yadav,deepak.yadav555@outlook.com,+919178900724,2024-11-03,Jaipur,False
556,Kavita Patel,kavita.patel556@outlook.com,+917419201975,2025-04-27,Mumbai,False
557,Kavita Pandey,kavita.pandey557@yahoo.com,+919919342370,2024-12-09,Chennai,False
558,Aanya Mishra,aanya.mishra558@outlook.com,+918805915915,2024-12-05,Bangalore,False
559,Simran Srivastava,simran.srivastava559@gmail.com,+919020939193,2024-02-24,Jaipur,False
560,Pallavi Gupta,pallavi.gupta560@hotmail.com,+917835559278,2025-05-27,Mumbai,False
561,Swati Rao,swati.rao561@hotmail.com,+917232194392,2024-06-03,Mumbai,False
562,Vikram Banerjee,vikram.banerjee562@hotmail.com,+917615143045,2024-11-19,Jaipur,False
563,Sai Chopra,sai.chopra563@outlook.com,+919710265109,2024-06-30,Delhi,True
564,Karan Joshi,karan.joshi564@yahoo.com,+917724156214,2024-06-11,Bangalore,False
565,Sai Kumar,sai.kumar565@hotmail.com,+919720808271,2025-03-15,Bangalore,False
566,Rohit Sharma,rohit.sharma566@gmail.com,+919292578829,2024-07-23,Pune,False
567,Rahul Pandey,rahul.pandey567@yahoo.com,+917076949178,2024-01-05,Chennai,False
568,Pankaj Chauhan,pankaj.chauhan568@outlook.com,+918340426053,2024-05-12,Mumbai,False
569,Priya Patel,priya.patel569@gmail.com,+917196358835,2024-11-01,Lucknow,False
570,Swati Das,swati.das570@outlook.com,+918862577974,2024-05-17,Bangalore,False
571,Neha Pandey,neha.pandey571@yahoo.com,+917708169264,2025-02-17,Mumbai,False
572,Krishna Reddy,krishna.reddy572@gmail.com,+919532711433,2025-05-31,Mumbai,False
573,Divya Dubey,divya.dubey573@gmail.com,+918611439217,2024-09-18,Kolkata,False
574,Harish Verma,harish.verma574@gmail.com,+919807051534,2024-01-21,Mumbai,True
575,Karan Iyer,karan.iyer575@gmail.com,+919350559943,2024-09-15,Bangalore,False
576,Pankaj Agarwal,pankaj.agarwal576@gmail.com,+918293285336,2025-03-06,Chennai,False
577,Kiara Das,kiara.das577@yahoo.com,+918798842890,2024-04-17,Hyderabad,False
578,Riya Singh,riya.singh578@gmail.com,+919137772998,2024-07-22,Chennai,False
579,Swati Reddy,swati.reddy579@outlook.com,+918759889613,2024-10-29,Mumbai,False
580,Sara Tiwari,sara.tiwari580@hotmail.com,+918419931729,2024-08-28,Mumbai,False
581,Ayaan Saxena,ayaan.saxena581@hotmail.com,+917640570713,2024-04-02,Kolkata,True
582,Varun Singh,varun.singh582@outlook.com,+919767405445,2024-08-24,Bangalore,False
583,Ira Bhat,ira.bhat583@gmail.com,+917428676004,2024-06-27,Jaipur,False
584,Pooja Dubey,pooja.dubey584@outlook.com,+918829635479,2024-04-28,Mumbai,False
585,Aditya Sharma,aditya.sharma585@yahoo.com,+919849088142,2024-06-23,Delhi,False
586,Pallavi Joshi,pallavi.joshi586@gmail.com,+918600399955,2024-12-16,Delhi,False
587,Simran Joshi,simran.joshi587@hotmail.com,+919963108379,2025-05-04,Kolkata,False
588,Ananya Singh,ananya.singh588@yahoo.com,+919990026838,2024-03-01,Ahmedabad,False
589,Reyansh Menon,reyansh.menon589@hotmail.com,+919443593434,2025-03-24,Delhi,False
590,Neha Das,neha.das590@gmail.com,+919939751069,2024-05-13,Bangalore,False
591,Vikram Bhat,vikram.bhat591@gmail.com,+917272026241,2024-09-24,Chennai,True
592,Shruti Malhotra,shruti.malhotra592@yahoo.com,+919876959590,2024-12-12,Hyderabad,False
593,Pallavi Singh,pallavi.singh593@hotmail.com,+919842036826,2024-09-11,Bangalore,False
594,Divya Iyer,divya.iyer594@yahoo.com,+919398070237,2024-02-25,Mumbai,False
595,Manish Srivastava,manish.srivastava595@hotmail.com,+919129594795,2024-06-18,Mumbai,False
596,Aadhya Mehta,aadhya.mehta596@outlook.com,+917216254664,2025-06-03,Delhi,False
597,Sneha Saxena,sneha.saxena597@yahoo.com,+917338574832,2025-04-15,Bangalore,False
598,Sai Srivastava,sai.srivastava598@hotmail.com,+918920142971,2024-11-19,Mumbai,False
599,Divya Sharma,divya.sharma599@gmail.com,+918732760138,2025-02-26,Mumbai,False
600,Sai Dubey,sai.dubey600@outlook.com,+919183293974,2024-07-30,Chennai,False
601,Amit Shah,amit.shah601@gmail.com,+917957425987,2025-04-10,Delhi,False
602,Harish Chopra,harish.chopra602@outlook.com,+918943612110,2024-04-26,Mumbai,False
603,Aarav Mehta,aarav.mehta603@outlook.com,+919721554031,2024-10-25,Hyderabad,False
604,Reyansh Verma,reyansh.verma604@yahoo.com,+919114937010,2024-05-23,Kolkata,False
605,Vikram Singh,vikram.singh605@outlook.com,+919623588379,2024-07-19,Delhi,False
606,Sneha Reddy,sneha.reddy606@hotmail.com,+917818529567,2024-12-12,Mumbai,False
607,Gaurav Saxena,gaurav.saxena607@gmail.com,+918934902523,2025-04-13,Chennai,False
608,Krishna Chopra,krishna.chopra608@gmail.com,+919277897510,2024-02-19,Hyderabad,False
609,Nisha Chopra,nisha.chopra609@yahoo.com,+919971334438,2024-06-26,Pune,True
610,Rohit Agarwal,rohit.agarwal610@outlook.com,+919165136471,2025-01-28,Bangalore,False
611,Pankaj Pandey,pankaj.pandey611@yahoo.com,+918175085349,2025-02-11,Ahmedabad,False
612,Karan Dubey,karan.dubey612@yahoo.com,+917593478613,2025-02-26,Chennai,False
613,Manish Rao,manish.rao613@outlook.com,+919377614706,2024-08-10,Delhi,False
614,Riya Agarwal,riya.agarwal614@outlook.com,+919887823121,2024-05-15,Ahmedabad,False
615,Diya Malhotra,diya.malhotra615@outlook.com,+917495661785,2024-12-26,Hyderabad,False
616,Nikhil Tiwari,nikhil.tiwari616@hotmail.com,+919895853722,2025-06-30,Delhi,False
617,Aarav Malhotra,aarav.malhotra617@gmail.com,+917108543028,2025-01-25,Mumbai,False
618,Myra Joshi,myra.joshi618@yahoo.com,+918231004412,2024-09-13,Mumbai,True
619,Riya Reddy,riya.reddy619@gmail.com,+918540529329,2025-04-08,Mumbai,False
620,Megha Kapoor,megha.kapoor620@yahoo.com,+919779356860,2025-02-02,Delhi,False
621,Pankaj Rao,pankaj.rao621@gmail.com,+918638884924,2025-01-31,Bangalore,False
622,Shruti Mehta,shruti.mehta622@gmail.com,+917055685277,2024-09-14,Delhi,False
623,Karan Saxena,karan.saxena623@yahoo.com,+919722100861,2025-01-11,Pune,False
624,Harish Reddy,harish.reddy624@yahoo.com,+918263483694,2025-04-04,Mumbai,False
625,Diya Patel,diya.patel625@gmail.com,+918620054076,2024-02-11,Bangalore,False
626,Krishna Patel,krishna.patel626@outlook.com,+917024245671,2024-12-04,Bangalore,False
627,Aditya Kumar,aditya.kumar627@outlook.com,+919563581525,2024-02-22,Kolkata,False
628,Nikhil Rao,nikhil.rao628@hotmail.com,+919459628934,2025-01-01,Mumbai,False
629,Swati Nair,swati.nair629@yahoo.com,+919235986982,2024-03-10,Kolkata,False
630,Rajesh Kapoor,rajesh.kapoor630@hotmail.com,+917394903139,2024-12-23,Delhi,False
631,Amit Mehta,amit.mehta631@outlook.com,+918260892281,2024-08-11,Ahmedabad,False
632,Deepak Kapoor,deepak.kapoor632@gmail.com,+917492727022,2024-12-20,Bangalore,False
633,Pallavi Yadav,pallavi.yadav633@yahoo.com,+917171271484,2024-11-24,Bangalore,False
634,Ayaan Iyer,ayaan.iyer634@outlook.com,+919320301599,2024-10-16,Mumbai,False
635,Tanya Shah,tanya.shah635@hotmail.com,+919090810307,2024-02-14,Delhi,False
636,Rahul Malhotra,rahul.malhotra636@gmail.com,+917412129737,2024-06-20,Ahmedabad,False
637,Rajesh Sharma,rajesh.sharma637@gmail.com,+917905299540,2024-08-06,Jaipur,False
638,Reyansh Reddy,reyansh.reddy638@hotmail.com,+919776959016,2024-03-14,Pune,False
639,Simran Tiwari,simran.tiwari639@outlook.com,+917162720486,2024-03-30,Mumbai,False
640,Ira Kapoor,ira.kapoor640@gmail.com,+919469444227,2024-08-21,Lucknow,False
641,Karan Mukherjee,karan.mukherjee641@hotmail.com,+918859828364,2024-11-19,Mumbai,False
642,Rajesh Sharma,rajesh.sharma642@gmail.com,+919515167269,2024-02-16,Pune,True
643,Manish Singh,manish.singh643@outlook.com,+919945826425,2024-11-04,Chennai,False
644,Karan Iyer,karan.iyer644@hotmail.com,+919837784389,2024-02-01,Bangalore,False
645,Krishna Mishra,krishna.mishra645@hotmail.com,+919343868762,2024-10-29,Ahmedabad,True
646,Shruti Chauhan,shruti.chauhan646@outlook.com,+917047889782,2024-05-24,Mumbai,True
647,Harish Iyer,harish.iyer647@gmail.com,+918308638549,2024-08-03,Pune,False
648,Neha Reddy,neha.reddy648@hotmail.com,+919774254671,2025-06-08,Mumbai,False
649,Pallavi Saxena,pallavi.saxena649@outlook.com,+917834624758,2024-04-27,Delhi,False
650,Vihaan Srivastava,vihaan.srivastava650@hotmail.com,+919768855958,2024-03-15,Delhi,True
651,Reyansh Reddy,reyansh.reddy651@hotmail.com,+918420993922,2024-12-31,Mumbai,False
652,Reyansh Rao,reyansh.rao652@gmail.com,+917831070024,2024-11-21,Bangalore,False
653,Nikhil Rao,nikhil.rao653@yahoo.com,+919429027360,2025-01-08,Kolkata,False
654,Ananya Sharma,ananya.sharma654@outlook.com,+918057314172,2024-08-14,Pune,False
655,Kiara Saxena,kiara.saxena655@outlook.com,+917576839151,2024-12-05,Jaipur,False
656,Neha Pandey,neha.pandey656@outlook.com,+919091526171,2024-04-21,Mumbai,False
657,Kiara Srivastava,kiara.srivastava657@yahoo.com,+919313346852,2024-07-20,Delhi,False
658,Arjun Mishra,arjun.mishra658@gmail.com,+917080016490,2025-06-03,Chennai,False
659,Nisha Iyer,nisha.iyer659@yahoo.com,+917157437641,2024-09-23,Hyderabad,False
660,Deepak Mukherjee,deepak.mukherjee660@yahoo.com,+918571179066,2025-02-05,Delhi,False
661,Varun Srivastava,varun.srivastava661@outlook.com,+917575015625,2025-04-20,Hyderabad,True
662,Pooja Malhotra,pooja.malhotra662@gmail.com,+919846182436,2024-09-01,Jaipur,False
663,Pallavi Agarwal,pallavi.agarwal663@yahoo.com,+919208200227,2024-05-23,Bangalore,False
664,Suresh Agarwal,suresh.agarwal664@yahoo.com,+919076631329,2025-01-02,Mumbai,False
665,Aanya Gupta,aanya.gupta665@outlook.com,+918586712032,2024-08-27,Mumbai,False
666,Pooja Iyer,pooja.iyer666@hotmail.com,+918952678750,2024-02-17,Mumbai,False
667,Reyansh Tiwari,reyansh.tiwari667@outlook.com,+918130933907,2024-06-27,Bangalore,False
668,Nisha Mukherjee,nisha.mukherjee668@gmail.com,+919219050244,2024-09-14,Bangalore,False
669,Swati Iyer,swati.iyer669@outlook.com,+918481902553,2025-05-13,Kolkata,False
670,Aarav Malhotra,aarav.malhotra670@yahoo.com,+918889350539,2024-06-18,Delhi,False
671,Kiara Reddy,kiara.reddy671@yahoo.com,+917802753761,2024-06-10,Bangalore,False
672,Ayaan Agarwal,ayaan.agarwal672@yahoo.com,+918780752198,2024-12-04,Pune,False
673,Deepak Chopra,deepak.chopra673@yahoo.com,+919537427612,2024-06-14,Chennai,False
674,Aadhya Verma,aadhya.verma674@yahoo.com,+919463105817,2024-06-13,Mumbai,False
675,Suresh Kumar,suresh.kumar675@gmail.com,+917714430728,2024-09-21,Lucknow,False
676,Sneha Das,sneha.das676@gmail.com,+919842173377,2024-10-17,Lucknow,False
677,Harish Chopra,harish.chopra677@hotmail.com,+917732578761,2024-08-12,Jaipur,False
678,Nisha Saxena,nisha.saxena678@yahoo.com,+919676674027,2025-06-07,Delhi,False
679,Amit Yadav,amit.yadav679@hotmail.com,+919562091291,2024-03-11,Delhi,False
680,Reyansh Sharma,reyansh.sharma680@yahoo.com,+919245028124,2025-05-31,Pune,False
681,Harish Singh,harish.singh681@yahoo.com,+919043842561,2024-02-09,Jaipur,False
682,Akash Singh,akash.singh682@gmail.com,+919071209024,2024-05-13,Lucknow,False
683,Aarav Chauhan,aarav.chauhan683@hotmail.com,+919242162891,2025-03-06,Bangalore,True
684,Swati Menon,swati.menon684@yahoo.com,+919070704425,2025-01-25,Bangalore,False
685,Akash Saxena,akash.saxena685@gmail.com,+918827463042,2024-05-17,Delhi,False
686,Sai Rao,sai.rao686@hotmail.com,+918107263953,2024-07-12,Mumbai,False
687,Aarav Banerjee,aarav.banerjee687@gmail.com,+919232360156,2024-01-08,Bangalore,False
688,Rahul Menon,rahul.menon688@outlook.com,+917457771446,2024-06-07,Bangalore,False
689,Ira Srivastava,ira.srivastava689@hotmail.com,+919425240213,2025-01-09,Chennai,False
690,Sneha Pandey,sneha.pandey690@yahoo.com,+918774801423,2025-05-09,Mumbai,False
691,Deepak Joshi,deepak.joshi691@outlook.com,+919480992821,2024-12-18,Kolkata,False
692,Krishna Srivastava,krishna.srivastava692@gmail.com,+917986860232,2025-04-02,Kolkata,False
693,Reyansh Reddy,reyansh.reddy693@hotmail.com,+918453579468,2024-02-23,Mumbai,False
694,Aarav Dubey,aarav.dubey694@gmail.com,+917624180869,2025-04-27,Lucknow,False
695,Arjun Joshi,arjun.joshi695@yahoo.com,+918592724766,2024-03-22,Chennai,False
696,Sneha Das,sneha.das696@outlook.com,+919566125120,2024-02-28,Lucknow,False
697,Gaurav Chopra,gaurav.chopra697@hotmail.com,+917046000830,2024-07-25,Jaipur,False
698,Swati Rao,swati.rao698@yahoo.com,+917144351055,2025-06-06,Hyderabad,False
699,Ananya Agarwal,ananya.agarwal699@gmail.com,+918545071541,2024-09-01,Chennai,False
700,Sai Joshi,sai.joshi700@hotmail.com,+918516671766,2025-02-08,Bangalore,False
701,Aarav Mishra,aarav.mishra701@gmail.com,+917387259395,2024-10-18,Pune,False
702,Nisha Shah,nisha.shah702@outlook.com,+918187592160,2024-08-19,Chennai,False
703,Sneha Banerjee,sneha.banerjee703@gmail.com,+918121448210,2024-06-28,Bangalore,True
704,Arjun Malhotra,arjun.malhotra704@outlook.com,+918460142398,2024-04-29,Kolkata,False
705,Rajesh Saxena,rajesh.saxena705@outlook.com,+919981531341,2025-03-29,Ahmedabad,False
706,Tanya Nair,tanya.nair706@outlook.com,+918970738992,2025-04-16,Lucknow,False
707,Deepak Singh,deepak.singh707@outlook.com,+917290143353,2025-01-26,Chennai,False
708,Shruti Tiwari,shruti.tiwari708@yahoo.com,+918356052995,2025-02-26,Ahmedabad,False
709,Aarav Tiwari,aarav.tiwari709@outlook.com,+918066258326,2024-10-21,Mumbai,False
710,Amit Gupta,amit.gupta710@yahoo.com,+919046790105,2024-11-17,Bangalore,False
711,Kiara Patel,kiara.patel711@yahoo.com,+919143185843,2024-07-23,Delhi,False
712,Ira Reddy,ira.reddy712@yahoo.com,+917870875721,2024-09-12,Jaipur,False
713,Tanya Singh,tanya.singh713@gmail.com,+917337101561,2025-05-19,Chennai,False
714,Rajesh Verma,rajesh.verma714@hotmail.com,+918594276982,2024-11-18,Hyderabad,False
715,Suresh Srivastava,suresh.srivastava715@outlook.com,+919107992942,2024-07-06,Ahmedabad,False
716,Kiara Iyer,kiara.iyer716@yahoo.com,+919476758136,2024-05-11,Mumbai,False
717,Deepak Kapoor,deepak.kapoor717@gmail.com,+919158114593,2024-12-21,Bangalore,False
718,Diya Bhat,diya.bhat718@gmail.com,+919998937576,2025-06-14,Bangalore,False
719,Aarav Agarwal,aarav.agarwal719@yahoo.com,+918629630857,2024-04-13,Delhi,False
720,Ira Patel,ira.patel720@outlook.com,+918018504919,2024-10-02,Bangalore,False
721,Pooja Patel,pooja.patel721@hotmail.com,+918820820806,2024-08-03,Bangalore,False
722,Pooja Srivastava,pooja.srivastava722@hotmail.com,+918200999709,2025-04-06,Mumbai,True
723,Suresh Agarwal,suresh.agarwal723@yahoo.com,+917428937279,2024-10-03,Kolkata,False
724,Rohit Reddy,rohit.reddy724@yahoo.com,+917642304025,2025-04-29,Kolkata,False
725,Ankita Kumar,ankita.kumar725@outlook.com,+919090017854,2024-11-03,Delhi,False
726,Vihaan Iyer,vihaan.iyer726@gmail.com,+919965860354,2024-06-16,Mumbai,False
727,Deepak Saxena,deepak.saxena727@gmail.com,+918932111726,2024-12-08,Delhi,False
728,Kavita Yadav,kavita.yadav728@outlook.com,+918478071244,2024-01-21,Bangalore,False
729,Shruti Das,shruti.das729@yahoo.com,+919477568014,2024-06-27,Ahmedabad,False
730,Rahul Agarwal,rahul.agarwal730@hotmail.com,+918919550221,2024-03-21,Bangalore,False
731,Gaurav Kumar,gaurav.kumar731@yahoo.com,+919751272944,2024-12-11,Bangalore,False
732,Sneha Srivastava,sneha.srivastava732@gmail.com,+917339783148,2024-06-14,Bangalore,False
733,Divya Rao,divya.rao733@outlook.com,+919600108647,2025-02-08,Delhi,False
734,Pooja Mishra,pooja.mishra734@hotmail.com,+918778069478,2024-06-20,Delhi,True
735,Varun Nair,varun.nair735@outlook.com,+917343875431,2024-08-03,Mumbai,True
736,Arjun Yadav,arjun.yadav736@hotmail.com,+919355504998,2024-02-25,Mumbai,False
737,Akash Gupta,akash.gupta737@gmail.com,+918127223900,2024-06-08,Mumbai,False
738,Rohit Rao,rohit.rao738@yahoo.com,+918062559949,2024-10-17,Bangalore,True
739,Swati Saxena,swati.saxena739@yahoo.com,+917122712790,2024-02-05,Chennai,False
740,Rahul Srivastava,rahul.srivastava740@hotmail.com,+919006580699,2024-10-05,Hyderabad,True
741,Pankaj Kapoor,pankaj.kapoor741@yahoo.com,+919537599506,2025-04-12,Chennai,False
742,Suresh Menon,suresh.menon742@outlook.com,+918491076495,2025-05-08,Hyderabad,False
743,Karan Rao,karan.rao743@outlook.com,+918770401882,2024-09-23,Mumbai,True
744,Swati Saxena,swati.saxena744@yahoo.com,+918476974480,2024-10-20,Bangalore,True
745,Ankita Pandey,ankita.pandey745@hotmail.com,+918286817379,2024-01-10,Kolkata,False
746,Harish Nair,harish.nair746@gmail.com,+919354553463,2025-01-17,Delhi,False
747,Meera Iyer,meera.iyer747@yahoo.com,+917701237129,2025-02-03,Kolkata,False
748,Sai Menon,sai.menon748@yahoo.com,+919218823320,2024-10-05,Delhi,False
749,Kiara Menon,kiara.menon749@yahoo.com,+917294050451,2024-07-05,Mumbai,True
750,Simran Das,simran.das750@hotmail.com,+918168807171,2025-05-18,Delhi,True
751,Vihaan Kapoor,vihaan.kapoor751@gmail.com,+917798595882,2024-04-14,Delhi,True
752,Karan Mishra,karan.mishra752@gmail.com,+917999913493,2024-04-02,Mumbai,False
753,Amit Menon,amit.menon753@outlook.com,+919140593461,2025-01-15,Bangalore,False
754,Amit Gupta,amit.gupta754@yahoo.com,+917240682864,2024-09-29,Kolkata,True
755,Deepak Patel,deepak.patel755@yahoo.com,+918074083133,2025-01-25,Kolkata,True
756,Tanya Tiwari,tanya.tiwari756@yahoo.com,+918652694369,2025-03-29,Delhi,False
757,Myra Bhat,myra.bhat757@gmail.com,+919238275479,2024-08-01,Bangalore,False
758,Priya Yadav,priya.yadav758@outlook.com,+917681230929,2024-02-13,Pune,False
759,Ayaan Joshi,ayaan.joshi759@hotmail.com,+919742422573,2024-11-01,Delhi,False
760,Nikhil Reddy,nikhil.reddy760@gmail.com,+918013465558,2025-03-20,Delhi,False
761,Kiara Banerjee,kiara.banerjee761@gmail.com,+918699983711,2024-09-05,Mumbai,True
762,Pankaj Chopra,pankaj.chopra762@yahoo.com,+918595145112,2024-04-01,Delhi,False
763,Shruti Das,shruti.das763@outlook.com,+919684922912,2024-03-02,Mumbai,False
764,Pankaj Kapoor,pankaj.kapoor764@gmail.com,+917540424819,2025-05-14,Delhi,False
765,Divya Pandey,divya.pandey765@outlook.com,+918884283304,2024-07-16,Mumbai,False
766,Varun Kumar,varun.kumar766@outlook.com,+917169602003,2025-05-11,Pune,False
767,Rajesh Tiwari,rajesh.tiwari767@hotmail.com,+917815080993,2024-07-10,Hyderabad,False
768,Simran Joshi,simran.joshi768@yahoo.com,+917295822679,2025-06-27,Mumbai,False
769,Ira Kapoor,ira.kapoor769@outlook.com,+918950254385,2024-01-01,Kolkata,False
770,Varun Patel,varun.patel770@gmail.com,+919661739850,2025-01-07,Kolkata,False
771,Varun Gupta,varun.gupta771@hotmail.com,+917815483101,2025-06-20,Pune,False
772,Ishaan Das,ishaan.das772@outlook.com,+918385556630,2025-02-23,Chennai,True
773,Swati Agarwal,swati.agarwal773@gmail.com,+917188021892,2024-05-12,Mumbai,True
774,Reyansh Chopra,reyansh.chopra774@yahoo.com,+917424143426,2024-02-02,Hyderabad,False
775,Nikhil Chopra,nikhil.chopra775@outlook.com,+917210821160,2025-01-10,Delhi,False
776,Aarav Yadav,aarav.yadav776@yahoo.com,+919816422066,2025-05-18,Lucknow,False
777,Simran Dubey,simran.dubey777@gmail.com,+918550165596,2025-03-01,Kolkata,False
778,Vihaan Saxena,vihaan.saxena778@outlook.com,+919272127173,2024-02-11,Pune,False
779,Arjun Reddy,arjun.reddy779@gmail.com,+917434758564,2024-08-24,Hyderabad,False
780,Swati Agarwal,swati.agarwal780@yahoo.com,+919448250186,2024-07-02,Hyderabad,False
781,Megha Singh,megha.singh781@outlook.com,+919896923497,2025-04-14,Pune,False
782,Reyansh Patel,reyansh.patel782@yahoo.com,+919362083683,2025-02-15,Hyderabad,False
783,Rajesh Das,rajesh.das783@hotmail.com,+918513220374,2024-11-18,Hyderabad,False
784,Pooja Menon,pooja.menon784@hotmail.com,+918389211119,2024-09-03,Hyderabad,False
785,Tanya Kapoor,tanya.kapoor785@outlook.com,+918546224907,2025-04-08,Bangalore,False
786,Varun Verma,varun.verma786@outlook.com,+919558781873,2024-01-17,Hyderabad,False
787,Priya Sharma,priya.sharma787@outlook.com,+917952996130,2024-08-07,Jaipur,True
788,Pankaj Saxena,pankaj.saxena788@outlook.com,+919377965146,2025-06-07,Hyderabad,False
789,Ishaan Singh,ishaan.singh789@gmail.com,+918977273278,2024-12-30,Mumbai,False
790,Nisha Nair,nisha.nair790@yahoo.com,+918100558894,2024-11-03,Mumbai,False
791,Sara Mishra,sara.mishra791@gmail.com,+918394541743,2025-05-09,Mumbai,False
792,Pankaj Tiwari,pankaj.tiwari792@gmail.com,+919556498528,2024-11-03,Mumbai,False
793,Rohit Gupta,rohit.gupta793@gmail.com,+918436192596,2024-12-22,Jaipur,False
794,Ayaan Srivastava,ayaan.srivastava794@yahoo.com,+919803665224,2024-01-12,Chennai,False
795,Vihaan Rao,vihaan.rao795@gmail.com,+918371454094,2024-06-02,Delhi,False
796,Ishaan Verma,ishaan.verma796@hotmail.com,+918913907148,2025-05-31,Mumbai,False
797,Sneha Kumar,sneha.kumar797@yahoo.com,+918443831341,2024-03-25,Bangalore,False
798,Kavita Iyer,kavita.iyer798@outlook.com,+917365411459,2025-02-12,Hyderabad,False
799,Krishna Pandey,krishna.pandey799@yahoo.com,+919065546403,2024-07-21,Bangalore,False
800,Myra Kapoor,myra.kapoor800@yahoo.com,+918040735415,2024-03-14,Delhi,False
801,Shruti Yadav,shruti.yadav801@gmail.com,+917483312111,2025-02-27,Bangalore,False
802,Rahul Shah,rahul.shah802@gmail.com,+918309186996,2024-06-22,Ahmedabad,False
803,Karan Das,karan.das803@yahoo.com,+918891776000,2024-02-15,Lucknow,False
804,Shruti Shah,shruti.shah804@yahoo.com,+917368570209,2024-04-25,Pune,False
805,Pallavi Yadav,pallavi.yadav805@yahoo.com,+918235598059,2024-01-15,Bangalore,False
806,Priya Bhat,priya.bhat806@hotmail.com,+917097702405,2024-12-05,Delhi,False
807,Sara Kapoor,sara.kapoor807@outlook.com,+919357078276,2025-05-09,Chennai,False
808,Pankaj Tiwari,pankaj.tiwari808@gmail.com,+918617513325,2025-06-23,Mumbai,False
809,Riya Reddy,riya.reddy809@outlook.com,+917227999411,2025-04-21,Chennai,True
810,Rohit Agarwal,rohit.agarwal810@outlook.com,+919847484445,2025-01-03,Jaipur,True
811,Divya Iyer,divya.iyer811@yahoo.com,+918635099223,2025-06-04,Ahmedabad,True
812,Rahul Chopra,rahul.chopra812@gmail.com,+917800656591,2024-07-22,Hyderabad,False
813,Ritika Sharma,ritika.sharma813@gmail.com,+918062541120,2025-06-26,Delhi,False
814,Megha Patel,megha.patel814@gmail.com,+918489408344,2024-12-26,Bangalore,False
815,Manish Joshi,manish.joshi815@gmail.com,+919687757741,2024-09-20,Jaipur,False
816,Vivaan Kapoor,vivaan.kapoor816@outlook.com,+917968870326,2024-06-04,Bangalore,False
817,Krishna Gupta,krishna.gupta817@hotmail.com,+919236466111,2024-08-20,Bangalore,False
818,Meera Rao,meera.rao818@outlook.com,+918929166962,2024-05-14,Delhi,True
819,Rajesh Agarwal,rajesh.agarwal819@yahoo.com,+917593176411,2024-11-12,Pune,False
820,Krishna Menon,krishna.menon820@yahoo.com,+919818493901,2024-06-10,Delhi,False
821,Varun Singh,varun.singh821@yahoo.com,+918364071251,2024-05-29,Pune,False
822,Vikram Menon,vikram.menon822@outlook.com,+918902689772,2024-10-07,Mumbai,False
823,Krishna Patel,krishna.patel823@gmail.com,+919628440956,2024-09-30,Chennai,False
824,Harish Nair,harish.nair824@yahoo.com,+919952265565,2024-01-27,Bangalore,False
825,Deepak Kumar,deepak.kumar825@hotmail.com,+919789875688,2025-01-17,Delhi,False
826,Deepak Kumar,deepak.kumar826@yahoo.com,+917830044665,2024-08-19,Mumbai,False
827,Aarav Yadav,aarav.yadav827@outlook.com,+918774010584,2024-08-15,Pune,False
828,Akash Reddy,akash.reddy828@gmail.com,+917760545067,2025-03-25,Jaipur,False
829,Rahul Srivastava,rahul.srivastava829@hotmail.com,+918059928520,2025-03-13,Bangalore,True
830,Megha Saxena,megha.saxena830@hotmail.com,+918343884495,2025-02-07,Chennai,False
831,Harish Kapoor,harish.kapoor831@gmail.com,+919236170837,2024-04-21,Bangalore,False
832,Aditya Chauhan,aditya.chauhan832@yahoo.com,+919227810934,2025-02-09,Ahmedabad,True
833,Rohit Malhotra,rohit.malhotra833@gmail.com,+917815401018,2024-10-25,Bangalore,False
834,Tanya Saxena,tanya.saxena834@outlook.com,+918981470996,2024-06-19,Bangalore,False
835,Vihaan Tiwari,vihaan.tiwari835@yahoo.com,+918991056435,2025-04-07,Mumbai,False
836,Diya Pandey,diya.pandey836@yahoo.com,+918688208703,2025-02-27,Delhi,True
837,Simran Banerjee,simran.banerjee837@yahoo.com,+918952849519,2024-04-02,Delhi,False
838,Ritika Dubey,ritika.dubey838@yahoo.com,+917530618370,2024-04-03,Mumbai,False
839,Pooja Gupta,pooja.gupta839@hotmail.com,+919197590676,2024-06-12,Bangalore,False
840,Tanya Patel,tanya.patel840@outlook.com,+919428767813,2024-06-02,Mumbai,True
841,Tanya Tiwari,tanya.tiwari841@gmail.com,+918802089646,2024-11-11,Delhi,False
842,Karan Rao,karan.rao842@yahoo.com,+917504890477,2024-05-14,Ahmedabad,True
843,Akash Joshi,akash.joshi843@gmail.com,+918969855215,2025-05-24,Jaipur,False
844,Aarav Das,aarav.das844@hotmail.com,+918021679756,2024-08-10,Hyderabad,False
845,Vikram Bhat,vikram.bhat845@gmail.com,+919582205491,2024-01-07,Delhi,False
846,Pallavi Mukherjee,pallavi.mukherjee846@yahoo.com,+917210104660,2024-07-08,Mumbai,False
847,Aditya Kumar,aditya.kumar847@gmail.com,+919864728338,2024-11-01,Delhi,True
848,Reyansh Menon,reyansh.menon848@yahoo.com,+917692929517,2024-10-18,Chennai,False
849,Harish Banerjee,harish.banerjee849@yahoo.com,+918955661068,2025-01-03,Lucknow,True
850,Priya Mehta,priya.mehta850@outlook.com,+918627532118,2024-03-10,Pune,False
851,Arjun Rao,arjun.rao851@hotmail.com,+917577869770,2024-05-04,Pune,False
852,Swati Menon,swati.menon852@yahoo.com,+919988564933,2024-08-02,Chennai,True
853,Varun Mukherjee,varun.mukherjee853@gmail.com,+919077316693,2024-10-21,Bangalore,False
854,Ira Malhotra,ira.malhotra854@outlook.com,+917557113691,2025-05-23,Hyderabad,False
855,Ankita Dubey,ankita.dubey855@yahoo.com,+919617377805,2024-08-26,Pune,False
856,Aarav Singh,aarav.singh856@gmail.com,+918996668602,2024-04-30,Pune,False
857,Pallavi Menon,pallavi.menon857@hotmail.com,+917195387472,2024-12-07,Bangalore,False
858,Sara Sharma,sara.sharma858@yahoo.com,+919963600727,2024-10-15,Delhi,True
859,Priya Malhotra,priya.malhotra859@outlook.com,+917026333597,2024-04-26,Pune,False
860,Varun Banerjee,varun.banerjee860@gmail.com,+917754321211,2024-07-17,Delhi,False
861,Shruti Chopra,shruti.chopra861@hotmail.com,+917152721525,2024-05-19,Bangalore,False
862,Rajesh Chauhan,rajesh.chauhan862@outlook.com,+918986293827,2025-02-27,Lucknow,True
863,Swati Rao,swati.rao863@outlook.com,+919384467937,2024-01-20,Delhi,False
864,Neha Gupta,neha.gupta864@yahoo.com,+918204566630,2024-02-01,Delhi,False
865,Rajesh Saxena,rajesh.saxena865@yahoo.com,+919452347464,2025-02-02,Delhi,True
866,Akash Rao,akash.rao866@outlook.com,+917135842149,2024-10-05,Bangalore,False
867,Aadhya Shah,aadhya.shah867@hotmail.com,+918299780396,2024-08-09,Hyderabad,False
868,Pooja Dubey,pooja.dubey868@gmail.com,+917868006057,2024-04-04,Bangalore,True
869,Deepak Chauhan,deepak.chauhan869@yahoo.com,+917816952955,2024-12-14,Lucknow,False
870,Swati Rao,swati.rao870@outlook.com,+917615447530,2024-04-10,Kolkata,False
871,Shruti Kumar,shruti.kumar871@yahoo.com,+917156991958,2025-04-15,Bangalore,False
872,Ayaan Sharma,ayaan.sharma872@outlook.com,+917189107235,2024-03-30,Delhi,False
873,Reyansh Malhotra,reyansh.malhotra873@outlook.com,+917096551970,2024-11-15,Chennai,False
874,Myra Reddy,myra.reddy874@outlook.com,+918188200713,2025-06-29,Delhi,False
875,Ayaan Joshi,ayaan.joshi875@yahoo.com,+917676440254,2024-10-07,Mumbai,False
876,Kavita Malhotra,kavita.malhotra876@gmail.com,+917887243074,2024-12-24,Hyderabad,False
877,Ritika Dubey,ritika.dubey877@outlook.com,+919465667475,2024-09-07,Mumbai,False
878,Amit Kapoor,amit.kapoor878@hotmail.com,+917217867296,2024-05-13,Mumbai,False
879,Vihaan Singh,vihaan.singh879@hotmail.com,+917231068718,2024-03-29,Bangalore,False
880,Harish Chauhan,harish.chauhan880@hotmail.com,+919647054211,2024-12-30,Delhi,False
881,Ritika Pandey,ritika.pandey881@gmail.com,+919000146357,2024-05-14,Mumbai,False
882,Pankaj Bhat,pankaj.bhat882@gmail.com,+918956719117,2024-11-13,Pune,False
883,Simran Chopra,simran.chopra883@yahoo.com,+917961189885,2024-05-27,Jaipur,False
884,Pooja Iyer,pooja.iyer884@yahoo.com,+919856929012,2024-12-04,Kolkata,False
885,Simran Chopra,simran.chopra885@gmail.com,+917280741389,2025-05-01,Mumbai,False
886,Ananya Rao,ananya.rao886@outlook.com,+919596051033,2024-05-10,Hyderabad,False
887,Ritika Dubey,ritika.dubey887@gmail.com,+918399599824,2024-03-13,Kolkata,False
888,Sneha Banerjee,sneha.banerjee888@hotmail.com,+918024673062,2024-09-06,Hyderabad,False
889,Rohit Gupta,rohit.gupta889@outlook.com,+917894376014,2025-03-17,Kolkata,False
890,Amit Kapoor,amit.kapoor890@yahoo.com,+917743396374,2024-03-20,Pune,False
891,Ankita Singh,ankita.singh891@hotmail.com,+918397488262,2024-04-09,Kolkata,False
892,Sneha Gupta,sneha.gupta892@gmail.com,+919944237345,2025-01-23,Delhi,False
893,Vihaan Gupta,vihaan.gupta893@yahoo.com,+917596642845,2024-01-01,Pune,False
894,Karan Kapoor,karan.kapoor894@outlook.com,+918674962768,2025-04-02,Delhi,False
895,Rahul Rao,rahul.rao895@outlook.com,+918867138383,2024-12-18,Ahmedabad,False
896,Pallavi Malhotra,pallavi.malhotra896@hotmail.com,+917547847544,2024-10-28,Mumbai,False
897,Vihaan Sharma,vihaan.sharma897@outlook.com,+917471150679,2024-10-15,Jaipur,False
898,Pankaj Banerjee,pankaj.banerjee898@hotmail.com,+919685274976,2024-11-21,Pune,False
899,Meera Kapoor,meera.kapoor899@yahoo.com,+919845362401,2024-06-26,Bangalore,False
900,Rohit Saxena,rohit.saxena900@outlook.com,+918792012815,2024-06-06,Delhi,False
901,Krishna Kumar,krishna.kumar901@gmail.com,+917308146694,2024-01-17,Mumbai,False
902,Nikhil Menon,nikhil.menon902@yahoo.com,+917363626724,2024-05-20,Chennai,False
903,Simran Chauhan,simran.chauhan903@hotmail.com,+919676831869,2024-07-03,Bangalore,False
904,Karan Iyer,karan.iyer904@outlook.com,+917969549862,2024-07-09,Bangalore,True
905,Ankita Srivastava,ankita.srivastava905@yahoo.com,+919154908810,2024-10-02,Bangalore,False
906,Pooja Verma,pooja.verma906@gmail.com,+919440183843,2025-05-09,Pune,True
907,Deepak Tiwari,deepak.tiwari907@gmail.com,+917610261057,2025-06-23,Ahmedabad,False
908,Tanya Joshi,tanya.joshi908@hotmail.com,+919220281423,2024-03-21,Hyderabad,False
909,Aadhya Chopra,aadhya.chopra909@gmail.com,+919938075532,2024-11-15,Chennai,False
910,Rajesh Pandey,rajesh.pandey910@gmail.com,+919013776199,2025-04-09,Hyderabad,False
911,Varun Mehta,varun.mehta911@hotmail.com,+918515756391,2024-10-28,Delhi,True
912,Harish Mishra,harish.mishra912@outlook.com,+919421100023,2024-09-23,Mumbai,False
913,Ananya Banerjee,ananya.banerjee913@gmail.com,+919818872419,2024-10-25,Kolkata,False
914,Riya Chopra,riya.chopra914@gmail.com,+917544693476,2025-06-01,Mumbai,False
915,Ira Kumar,ira.kumar915@outlook.com,+918182048491,2024-09-20,Mumbai,True
916,Diya Yadav,diya.yadav916@yahoo.com,+919831051904,2025-04-02,Bangalore,False
917,Pankaj Nair,pankaj.nair917@hotmail.com,+917776569551,2025-06-24,Jaipur,False
918,Sai Kumar,sai.kumar918@yahoo.com,+919130081627,2025-02-26,Kolkata,False
919,Karan Mishra,karan.mishra919@yahoo.com,+917905622824,2024-12-19,Mumbai,False
920,Ayaan Verma,ayaan.verma920@yahoo.com,+918992928946,2025-02-12,Bangalore,False
921,Akash Yadav,akash.yadav921@yahoo.com,+918631231993,2025-02-03,Bangalore,True
922,Meera Sharma,meera.sharma922@outlook.com,+918927669906,2025-01-26,Chennai,False
923,Shruti Verma,shruti.verma923@gmail.com,+919281887562,2024-12-28,Ahmedabad,False
924,Divya Srivastava,divya.srivastava924@outlook.com,+918438674062,2024-10-03,Delhi,True
925,Divya Banerjee,divya.banerjee925@hotmail.com,+918980446323,2024-09-04,Pune,False
926,Myra Malhotra,myra.malhotra926@outlook.com,+919910777335,2024-07-03,Delhi,True
927,Aarav Saxena,aarav.saxena927@gmail.com,+917051373886,2025-02-25,Mumbai,True
928,Karan Shah,karan.shah928@yahoo.com,+918216751436,2024-09-14,Delhi,True
929,Sai Verma,sai.verma929@yahoo.com,+919574338859,2024-05-04,Pune,True
930,Harish Kumar,harish.kumar930@hotmail.com,+919819193463,2024-07-08,Lucknow,False
931,Ira Rao,ira.rao931@hotmail.com,+919836730724,2024-03-18,Chennai,False
932,Kiara Pandey,kiara.pandey932@hotmail.com,+919973068647,2024-11-27,Delhi,False
933,Kiara Pandey,kiara.pandey933@gmail.com,+918644109210,2025-02-01,Delhi,True
934,Ira Patel,ira.patel934@hotmail.com,+917298064202,2025-05-18,Ahmedabad,False
935,Sneha Patel,sneha.patel935@hotmail.com,+917465705342,2024-05-27,Hyderabad,False
936,Pallavi Mukherjee,pallavi.mukherjee936@gmail.com,+918896578985,2024-09-22,Mumbai,True
937,Suresh Mishra,suresh.mishra937@outlook.com,+918915048861,2024-01-20,Lucknow,True
938,Gaurav Sharma,gaurav.sharma938@gmail.com,+919854460322,2025-02-03,Delhi,False
939,Sneha Banerjee,sneha.banerjee939@gmail.com,+919213553149,2025-05-17,Bangalore,False
940,Varun Pandey,varun.pandey940@gmail.com,+919319835182,2024-08-19,Mumbai,False
941,Tanya Chopra,tanya.chopra941@gmail.com,+919436293936,2025-01-02,Delhi,False
942,Vihaan Mukherjee,vihaan.mukherjee942@gmail.com,+918569189330,2024-12-14,Mumbai,False
943,Tanya Rao,tanya.rao943@yahoo.com,+917758569854,2024-02-10,Ahmedabad,False
944,Priya Tiwari,priya.tiwari944@hotmail.com,+917458565144,2025-01-02,Bangalore,False
945,Karan Mishra,karan.mishra945@yahoo.com,+917601050402,2024-02-06,Delhi,False
946,Nisha Nair,nisha.nair946@hotmail.com,+918669743840,2024-03-05,Kolkata,False
947,Ankita Kapoor,ankita.kapoor947@hotmail.com,+917070516000,2024-02-07,Delhi,False
948,Varun Verma,varun.verma948@hotmail.com,+917507609787,2024-08-04,Kolkata,False
949,Simran Agarwal,simran.agarwal949@yahoo.com,+919488270884,2024-08-26,Lucknow,True
950,Ishaan Chopra,ishaan.chopra950@gmail.com,+919023872904,2024-02-16,Delhi,False
951,Aarav Patel,aarav.patel951@gmail.com,+918320003795,2024-04-09,Bangalore,False
952,Nisha Gupta,nisha.gupta952@gmail.com,+917490398001,2025-05-24,Chennai,False
953,Arjun Dubey,arjun.dubey953@yahoo.com,+918830564310,2024-12-11,Kolkata,False
954,Shruti Iyer,shruti.iyer954@outlook.com,+917518842513,2024-05-20,Delhi,False
955,Sara Pandey,sara.pandey955@gmail.com,+919547281761,2024-06-26,Delhi,True
956,Ishaan Pandey,ishaan.pandey956@hotmail.com,+917721772903,2025-01-13,Hyderabad,False
957,Nisha Verma,nisha.verma957@yahoo.com,+917429358638,2025-01-20,Kolkata,True
958,Ankita Gupta,ankita.gupta958@gmail.com,+917031026838,2024-07-02,Lucknow,False
959,Nisha Chauhan,nisha.chauhan959@outlook.com,+918787660912,2025-05-02,Pune,False
960,Gaurav Joshi,gaurav.joshi960@hotmail.com,+918769661076,2024-09-01,Lucknow,False
961,Aditya Das,aditya.das961@yahoo.com,+919147001030,2024-03-31,Chennai,False
962,Neha Menon,neha.menon962@gmail.com,+919395347941,2024-08-29,Delhi,False
963,Reyansh Das,reyansh.das963@outlook.com,+919318091886,2025-06-03,Delhi,False
964,Nikhil Reddy,nikhil.reddy964@outlook.com,+917227929714,2024-07-17,Mumbai,True
965,Deepak Chopra,deepak.chopra965@yahoo.com,+917686162224,2024-02-14,Mumbai,False
966,Sara Menon,sara.menon966@outlook.com,+918435784491,2025-04-09,Mumbai,False
967,Rajesh Patel,rajesh.patel967@yahoo.com,+917124834191,2025-05-11,Hyderabad,True
968,Aadhya Mishra,aadhya.mishra968@hotmail.com,+919545655743,2024-11-29,Bangalore,False
969,Rahul Nair,rahul.nair969@gmail.com,+918400727238,2024-08-21,Mumbai,False
970,Myra Iyer,myra.iyer970@yahoo.com,+917315807718,2025-04-27,Hyderabad,True
971,Meera Kumar,meera.kumar971@yahoo.com,+919617497180,2025-04-10,Mumbai,False
972,Simran Mishra,simran.mishra972@yahoo.com,+919714510040,2025-01-02,Ahmedabad,False
973,Krishna Verma,krishna.verma973@gmail.com,+918205185682,2024-05-19,Mumbai,False
974,Vikram Patel,vikram.patel974@outlook.com,+917944263862,2024-10-29,Chennai,False
975,Gaurav Das,gaurav.das975@yahoo.com,+919483012703,2024-08-23,Mumbai,False
976,Ankita Srivastava,ankita.srivastava976@yahoo.com,+919540820491,2025-04-29,Jaipur,False
977,Varun Menon,varun.menon977@yahoo.com,+918064427950,2024-12-01,Bangalore,False
978,Nisha Kumar,nisha.kumar978@gmail.com,+918794316441,2024-02-15,Mumbai,False
979,Tanya Malhotra,tanya.malhotra979@gmail.com,+918828357471,2025-06-27,Bangalore,False
980,Pankaj Saxena,pankaj.saxena980@gmail.com,+918943220876,2025-05-22,Delhi,False
981,Aarav Tiwari,aarav.tiwari981@hotmail.com,+917936330742,2024-05-15,Bangalore,False
982,Sai Sharma,sai.sharma982@hotmail.com,+919873486064,2024-11-08,Mumbai,False
983,Suresh Mishra,suresh.mishra983@gmail.com,+918953526348,2025-04-19,Kolkata,False
984,Sneha Patel,sneha.patel984@outlook.com,+919692132566,2025-04-20,Pune,True
985,Gaurav Gupta,gaurav.gupta985@hotmail.com,+919966751401,2024-12-06,Hyderabad,False
986,Akash Joshi,akash.joshi986@yahoo.com,+919940614579,2024-03-23,Chennai,False
987,Vihaan Malhotra,vihaan.malhotra987@outlook.com,+917221459606,2024-04-23,Bangalore,False
988,Aditya Shah,aditya.shah988@outlook.com,+917752767775,2024-03-09,Hyderabad,False
989,Krishna Mehta,krishna.mehta989@yahoo.com,+919317709657,2024-04-26,Chennai,False
990,Akash Banerjee,akash.banerjee990@yahoo.com,+917968245518,2024-11-24,Bangalore,False
991,Shruti Menon,shruti.menon991@outlook.com,+917233903914,2024-03-05,Bangalore,False
992,Manish Malhotra,manish.malhotra992@gmail.com,+919019338363,2025-06-28,Chennai,False
993,Riya Bhat,riya.bhat993@outlook.com,+919891829293,2024-03-08,Delhi,False
994,Sai Gupta,sai.gupta994@hotmail.com,+917767990928,2024-10-22,Ahmedabad,True
995,Ananya Joshi,ananya.joshi995@gmail.com,+919993944892,2024-05-31,Hyderabad,False
996,Swati Mukherjee,swati.mukherjee996@gmail.com,+918259153174,2025-03-02,Ahmedabad,False
997,Krishna Chopra,krishna.chopra997@outlook.com,+918804444480,2025-03-30,Pune,True
998,Myra Gupta,myra.gupta998@gmail.com,+917997841438,2025-06-16,Chennai,False
999,Amit Mukherjee,amit.mukherjee999@outlook.com,+919087991445,2025-06-26,Jaipur,False
1000,Priya Banerjee,priya.banerjee1000@yahoo.com,+918316386025,2024-06-24,Kolkata,False
